phase,package size aggregated (Bytes),package count for 'Database-Operatorgraph',package size aggregated for 'Database-Operatorgraph',package count for 'Database-Intermadiate-Result',package size aggregated for 'Database-Intermadiate-Result',data scale,topology,additionalHops,partitioning,distribution location,distribution algorithm
Q1,1.76E+006,2,217,15,1756635,50,Full16DB,hops,key,routing,default
Q1,1.76E+006,2,217,15,1756635,50,Full16DB,hops,key,routing,assisted
Q1,1.76E+006,2,217,15,1756635,50,Full16DB,hops,key,centralized,default
Q1,1.76E+006,2,217,15,1756635,50,Full16DB,hops,key,centralized,assisted
Q1,1.85E+006,15,4175,19,1844794,50,Full16DB,hops,subject,routing,default
Q1,1.85E+006,15,4175,19,1844794,50,Full16DB,hops,subject,routing,assisted
Q1,1.85E+006,15,4175,19,1844794,50,Full16DB,hops,subject,centralized,default
Q1,1.85E+006,15,4175,19,1844794,50,Full16DB,hops,subject,centralized,assisted
Q1,1.76E+006,2,217,15,1756635,50,Full16DB,distributed,key,routing,default
Q1,1.76E+006,2,217,15,1756635,50,Full16DB,distributed,key,routing,assisted
Q1,1.76E+006,2,217,15,1756635,50,Full16DB,distributed,key,centralized,default
Q1,1.76E+006,2,217,15,1756635,50,Full16DB,distributed,key,centralized,assisted
Q1,1.85E+006,15,4175,19,1844794,50,Full16DB,distributed,subject,routing,default
Q1,1.85E+006,15,4175,19,1844794,50,Full16DB,distributed,subject,routing,assisted
Q1,1.85E+006,15,4175,19,1844794,50,Full16DB,distributed,subject,centralized,default
Q1,1.85E+006,15,4175,19,1844794,50,Full16DB,distributed,subject,centralized,assisted
Q1,4.11E+006,17,2236,20,4106171,50,Random16DB,hops,key,routing,default
Q1,4.11E+006,17,2236,20,4106171,50,Random16DB,hops,key,routing,assisted
Q1,4.11E+006,17,2236,20,4106171,50,Random16DB,hops,key,centralized,default
Q1,4.11E+006,17,2236,20,4106171,50,Random16DB,hops,key,centralized,assisted
Q1,4.19E+006,22,5850,24,4182201,50,Random16DB,hops,subject,routing,default
Q1,4.19E+006,22,5850,24,4182201,50,Random16DB,hops,subject,routing,assisted
Q1,4.19E+006,22,5850,24,4182201,50,Random16DB,hops,subject,centralized,default
Q1,4.19E+006,22,5850,24,4182201,50,Random16DB,hops,subject,centralized,assisted
Q1,4.09E+006,12,2054,16,4085506,50,Random16DB,distributed,key,routing,default
Q1,4.09E+006,12,2054,16,4085506,50,Random16DB,distributed,key,routing,assisted
Q1,4.09E+006,12,2054,16,4085506,50,Random16DB,distributed,key,centralized,default
Q1,4.09E+006,12,2054,16,4085506,50,Random16DB,distributed,key,centralized,assisted
Q1,4.27E+006,15,6013,20,4268581,50,Random16DB,distributed,subject,routing,default
Q1,4.27E+006,15,6013,20,4268581,50,Random16DB,distributed,subject,routing,assisted
Q1,4.27E+006,15,6013,20,4268581,50,Random16DB,distributed,subject,centralized,default
Q1,4.27E+006,15,6013,20,4268581,50,Random16DB,distributed,subject,centralized,assisted
Q1,8.96E+006,15,4388,28,8951452,50,Ring16DB,hops,key,routing,default
Q1,8.96E+006,15,4388,28,8951452,50,Ring16DB,hops,key,routing,assisted
Q1,8.96E+006,15,4388,28,8951452,50,Ring16DB,hops,key,centralized,default
Q1,8.96E+006,15,4388,28,8951452,50,Ring16DB,hops,key,centralized,assisted
Q1,9.48E+006,15,8188,32,9474684,50,Ring16DB,hops,subject,routing,default
Q1,9.48E+006,15,8188,32,9474684,50,Ring16DB,hops,subject,routing,assisted
Q1,9.48E+006,15,8188,32,9474684,50,Ring16DB,hops,subject,centralized,default
Q1,9.48E+006,15,8188,32,9474684,50,Ring16DB,hops,subject,centralized,assisted
Q1,8.96E+006,15,4388,28,8951452,50,Ring16DB,distributed,key,routing,default
Q1,8.96E+006,15,4388,28,8951452,50,Ring16DB,distributed,key,routing,assisted
Q1,8.96E+006,15,4388,28,8951452,50,Ring16DB,distributed,key,centralized,default
Q1,8.96E+006,15,4388,28,8951452,50,Ring16DB,distributed,key,centralized,assisted
Q1,9.48E+006,15,8188,32,9474684,50,Ring16DB,distributed,subject,routing,default
Q1,9.48E+006,15,8188,32,9474684,50,Ring16DB,distributed,subject,routing,assisted
Q1,9.48E+006,15,8188,32,9474684,50,Ring16DB,distributed,subject,centralized,default
Q1,9.48E+006,15,8188,32,9474684,50,Ring16DB,distributed,subject,centralized,assisted
Q1,4.30E+006,23,2249,21,4301203,50,Uniform16DB,hops,key,routing,default
Q1,4.30E+006,23,2249,21,4301203,50,Uniform16DB,hops,key,routing,assisted
Q1,4.30E+006,23,2249,21,4301203,50,Uniform16DB,hops,key,centralized,default
Q1,4.30E+006,23,2249,21,4301203,50,Uniform16DB,hops,key,centralized,assisted
Q1,4.45E+006,30,6198,25,4448529,50,Uniform16DB,hops,subject,routing,default
Q1,4.45E+006,30,6198,25,4448529,50,Uniform16DB,hops,subject,routing,assisted
Q1,4.45E+006,30,6198,25,4448529,50,Uniform16DB,hops,subject,centralized,default
Q1,4.45E+006,30,6198,25,4448529,50,Uniform16DB,hops,subject,centralized,assisted
Q1,4.25E+006,12,2249,16,4245564,50,Uniform16DB,distributed,key,routing,default
Q1,4.25E+006,12,2249,16,4245564,50,Uniform16DB,distributed,key,routing,assisted
Q1,4.25E+006,12,2249,16,4245564,50,Uniform16DB,distributed,key,centralized,default
Q1,4.25E+006,12,2249,16,4245564,50,Uniform16DB,distributed,key,centralized,assisted
Q1,4.54E+006,15,6208,20,4534424,50,Uniform16DB,distributed,subject,routing,default
Q1,4.54E+006,15,6208,20,4534424,50,Uniform16DB,distributed,subject,routing,assisted
Q1,4.54E+006,15,6208,20,4534424,50,Uniform16DB,distributed,subject,centralized,default
Q1,4.54E+006,15,6208,20,4534424,50,Uniform16DB,distributed,subject,centralized,assisted
Q1,8.12E+006,17,2236,20,8117579,100,Random16DB,hops,key,routing,default
Q1,8.12E+006,17,2236,20,8117579,100,Random16DB,hops,key,routing,assisted
Q1,8.12E+006,17,2236,20,8117579,100,Random16DB,hops,key,centralized,default
Q1,8.12E+006,17,2236,20,8117579,100,Random16DB,hops,key,centralized,assisted
Q1,8.27E+006,22,5850,24,8262201,100,Random16DB,hops,subject,routing,default
Q1,8.27E+006,22,5850,24,8262201,100,Random16DB,hops,subject,routing,assisted
Q1,8.27E+006,22,5850,24,8262201,100,Random16DB,hops,subject,centralized,default
Q1,8.27E+006,22,5850,24,8262201,100,Random16DB,hops,subject,centralized,assisted
Q1,8.07E+006,12,2054,16,8072674,100,Random16DB,distributed,key,routing,default
Q1,8.07E+006,12,2054,16,8072674,100,Random16DB,distributed,key,routing,assisted
Q1,8.07E+006,12,2054,16,8072674,100,Random16DB,distributed,key,centralized,default
Q1,8.07E+006,12,2054,16,8072674,100,Random16DB,distributed,key,centralized,assisted
Q1,8.44E+006,15,6013,20,8432581,100,Random16DB,distributed,subject,routing,default
Q1,8.44E+006,15,6013,20,8432581,100,Random16DB,distributed,subject,routing,assisted
Q1,8.44E+006,15,6013,20,8432581,100,Random16DB,distributed,subject,centralized,default
Q1,8.44E+006,15,6013,20,8432581,100,Random16DB,distributed,subject,centralized,assisted
Q1,2.13E+005,2,217,15,212859,5,Full16DB,hops,key,routing,default
Q1,2.13E+005,2,217,15,212859,5,Full16DB,hops,key,routing,assisted
Q1,2.13E+005,2,217,15,212859,5,Full16DB,hops,key,centralized,default
Q1,2.13E+005,2,217,15,212859,5,Full16DB,hops,key,centralized,assisted
Q1,2.29E+005,15,4175,19,224794,5,Full16DB,hops,subject,routing,default
Q1,2.29E+005,15,4175,19,224794,5,Full16DB,hops,subject,routing,assisted
Q1,2.29E+005,15,4175,19,224794,5,Full16DB,hops,subject,centralized,default
Q1,2.29E+005,15,4175,19,224794,5,Full16DB,hops,subject,centralized,assisted
Q1,2.13E+005,2,217,15,212859,5,Full16DB,distributed,key,routing,default
Q1,2.13E+005,2,217,15,212859,5,Full16DB,distributed,key,routing,assisted
Q1,2.13E+005,2,217,15,212859,5,Full16DB,distributed,key,centralized,default
Q1,2.13E+005,2,217,15,212859,5,Full16DB,distributed,key,centralized,assisted
Q1,2.29E+005,15,4175,19,224794,5,Full16DB,distributed,subject,routing,default
Q1,2.29E+005,15,4175,19,224794,5,Full16DB,distributed,subject,routing,assisted
Q1,2.29E+005,15,4175,19,224794,5,Full16DB,distributed,subject,centralized,default
Q1,2.29E+005,15,4175,19,224794,5,Full16DB,distributed,subject,centralized,assisted
Q1,4.97E+005,17,2236,20,495155,5,Random16DB,hops,key,routing,default
Q1,4.97E+005,17,2236,20,495155,5,Random16DB,hops,key,routing,assisted
Q1,4.97E+005,17,2236,20,495155,5,Random16DB,hops,key,centralized,default
Q1,4.97E+005,17,2236,20,495155,5,Random16DB,hops,key,centralized,assisted
Q1,5.16E+005,22,5850,24,510201,5,Random16DB,hops,subject,routing,default
Q1,5.16E+005,22,5850,24,510201,5,Random16DB,hops,subject,routing,assisted
Q1,5.16E+005,22,5850,24,510201,5,Random16DB,hops,subject,centralized,default
Q1,5.16E+005,22,5850,24,510201,5,Random16DB,hops,subject,centralized,assisted
Q1,4.97E+005,12,2054,16,494554,5,Random16DB,distributed,key,routing,default
Q1,4.97E+005,12,2054,16,494554,5,Random16DB,distributed,key,routing,assisted
Q1,4.97E+005,12,2054,16,494554,5,Random16DB,distributed,key,centralized,default
Q1,4.97E+005,12,2054,16,494554,5,Random16DB,distributed,key,centralized,assisted
Q1,5.27E+005,15,6013,20,520981,5,Random16DB,distributed,subject,routing,default
Q1,5.27E+005,15,6013,20,520981,5,Random16DB,distributed,subject,routing,assisted
Q1,5.27E+005,15,6013,20,520981,5,Random16DB,distributed,subject,centralized,default
Q1,5.27E+005,15,6013,20,520981,5,Random16DB,distributed,subject,centralized,assisted
Q1,1.09E+006,15,4388,28,1084228,5,Ring16DB,hops,key,routing,default
Q1,1.09E+006,15,4388,28,1084228,5,Ring16DB,hops,key,routing,assisted
Q1,1.09E+006,15,4388,28,1084228,5,Ring16DB,hops,key,centralized,default
Q1,1.09E+006,15,4388,28,1084228,5,Ring16DB,hops,key,centralized,assisted
Q1,1.17E+006,15,8188,32,1158684,5,Ring16DB,hops,subject,routing,default
Q1,1.17E+006,15,8188,32,1158684,5,Ring16DB,hops,subject,routing,assisted
Q1,1.17E+006,15,8188,32,1158684,5,Ring16DB,hops,subject,centralized,default
Q1,1.17E+006,15,8188,32,1158684,5,Ring16DB,hops,subject,centralized,assisted
Q1,1.09E+006,15,4388,28,1084228,5,Ring16DB,distributed,key,routing,default
Q1,1.09E+006,15,4388,28,1084228,5,Ring16DB,distributed,key,routing,assisted
Q1,1.09E+006,15,4388,28,1084228,5,Ring16DB,distributed,key,centralized,default
Q1,1.09E+006,15,4388,28,1084228,5,Ring16DB,distributed,key,centralized,assisted
Q1,1.17E+006,15,8188,32,1158684,5,Ring16DB,distributed,subject,routing,default
Q1,1.17E+006,15,8188,32,1158684,5,Ring16DB,distributed,subject,routing,assisted
Q1,1.17E+006,15,8188,32,1158684,5,Ring16DB,distributed,subject,centralized,default
Q1,1.17E+006,15,8188,32,1158684,5,Ring16DB,distributed,subject,centralized,assisted
Q1,5.24E+005,23,2249,21,521491,5,Uniform16DB,hops,key,routing,default
Q1,5.24E+005,23,2249,21,521491,5,Uniform16DB,hops,key,routing,assisted
Q1,5.24E+005,23,2249,21,521491,5,Uniform16DB,hops,key,centralized,default
Q1,5.24E+005,23,2249,21,521491,5,Uniform16DB,hops,key,centralized,assisted
Q1,5.45E+005,30,6198,25,538929,5,Uniform16DB,hops,subject,routing,default
Q1,5.45E+005,30,6198,25,538929,5,Uniform16DB,hops,subject,routing,assisted
Q1,5.45E+005,30,6198,25,538929,5,Uniform16DB,hops,subject,centralized,default
Q1,5.45E+005,30,6198,25,538929,5,Uniform16DB,hops,subject,centralized,assisted
Q1,5.19E+005,12,2249,16,516252,5,Uniform16DB,distributed,key,routing,default
Q1,5.19E+005,12,2249,16,516252,5,Uniform16DB,distributed,key,routing,assisted
Q1,5.19E+005,12,2249,16,516252,5,Uniform16DB,distributed,key,centralized,default
Q1,5.19E+005,12,2249,16,516252,5,Uniform16DB,distributed,key,centralized,assisted
Q1,5.55E+005,15,6208,20,549224,5,Uniform16DB,distributed,subject,routing,default
Q1,5.55E+005,15,6208,20,549224,5,Uniform16DB,distributed,subject,routing,assisted
Q1,5.55E+005,15,6208,20,549224,5,Uniform16DB,distributed,subject,centralized,default
Q1,5.55E+005,15,6208,20,549224,5,Uniform16DB,distributed,subject,centralized,assisted
Q2,7.88E+003,3,327,5,7556,50,Full16DB,hops,key,routing,default
Q2,7.88E+003,3,327,5,7556,50,Full16DB,hops,key,routing,assisted
Q2,7.88E+003,3,327,5,7556,50,Full16DB,hops,key,centralized,default
Q2,7.88E+003,3,327,5,7556,50,Full16DB,hops,key,centralized,assisted
Q2,1.51E+004,15,5240,66,9827,50,Full16DB,hops,subject,routing,default
Q2,1.34E+004,15,3680,64,9684,50,Full16DB,hops,subject,routing,assisted
Q2,1.51E+004,15,5240,66,9827,50,Full16DB,hops,subject,centralized,default
Q2,1.34E+004,15,3680,64,9684,50,Full16DB,hops,subject,centralized,assisted
Q2,7.88E+003,3,327,5,7556,50,Full16DB,distributed,key,routing,default
Q2,7.88E+003,3,327,5,7556,50,Full16DB,distributed,key,routing,assisted
Q2,7.88E+003,3,327,5,7556,50,Full16DB,distributed,key,centralized,default
Q2,7.88E+003,3,327,5,7556,50,Full16DB,distributed,key,centralized,assisted
Q2,1.51E+004,15,5240,66,9827,50,Full16DB,distributed,subject,routing,default
Q2,1.34E+004,15,3680,64,9684,50,Full16DB,distributed,subject,routing,assisted
Q2,1.51E+004,15,5240,66,9827,50,Full16DB,distributed,subject,centralized,default
Q2,1.34E+004,15,3680,64,9684,50,Full16DB,distributed,subject,centralized,assisted
Q2,8.05E+003,5,544,5,7508,50,Random16DB,hops,key,routing,default
Q2,8.05E+003,5,544,5,7508,50,Random16DB,hops,key,routing,assisted
Q2,8.05E+003,5,544,5,7508,50,Random16DB,hops,key,centralized,default
Q2,8.05E+003,5,544,5,7508,50,Random16DB,hops,key,centralized,assisted
Q2,2.24E+004,22,10196,71,12182,50,Random16DB,hops,subject,routing,default
Q2,2.11E+004,22,9032,69,12037,50,Random16DB,hops,subject,routing,assisted
Q2,2.24E+004,22,10196,71,12182,50,Random16DB,hops,subject,centralized,default
Q2,2.11E+004,22,9032,69,12037,50,Random16DB,hops,subject,centralized,assisted
Q2,1.19E+004,3,544,5,11326,50,Random16DB,distributed,key,routing,default
Q2,1.19E+004,3,544,5,11326,50,Random16DB,distributed,key,routing,assisted
Q2,1.19E+004,3,544,5,11326,50,Random16DB,distributed,key,centralized,default
Q2,1.19E+004,3,544,5,11326,50,Random16DB,distributed,key,centralized,assisted
Q2,2.27E+004,15,10530,67,12201,50,Random16DB,distributed,subject,routing,default
Q2,2.11E+004,15,9086,65,12058,50,Random16DB,distributed,subject,routing,assisted
Q2,2.27E+004,15,10530,67,12201,50,Random16DB,distributed,subject,centralized,default
Q2,2.11E+004,15,9086,65,12058,50,Random16DB,distributed,subject,centralized,assisted
Q2,2.66E+004,12,1414,5,25190,50,Ring16DB,hops,key,routing,default
Q2,2.66E+004,12,1426,5,25190,50,Ring16DB,hops,key,routing,assisted
Q2,2.66E+004,12,1414,5,25190,50,Ring16DB,hops,key,centralized,default
Q2,2.66E+004,12,1426,5,25190,50,Ring16DB,hops,key,centralized,assisted
Q2,2.82E+004,15,17117,79,11127,50,Ring16DB,hops,subject,routing,default
Q2,2.69E+004,15,15877,77,10984,50,Ring16DB,hops,subject,routing,assisted
Q2,2.82E+004,15,17117,79,11127,50,Ring16DB,hops,subject,centralized,default
Q2,2.69E+004,15,15877,77,10984,50,Ring16DB,hops,subject,centralized,assisted
Q2,2.66E+004,12,1414,5,25190,50,Ring16DB,distributed,key,routing,default
Q2,2.66E+004,12,1426,5,25190,50,Ring16DB,distributed,key,routing,assisted
Q2,2.66E+004,12,1414,5,25190,50,Ring16DB,distributed,key,centralized,default
Q2,2.66E+004,12,1426,5,25190,50,Ring16DB,distributed,key,centralized,assisted
Q2,2.82E+004,15,17117,79,11127,50,Ring16DB,distributed,subject,routing,default
Q2,2.69E+004,15,15877,77,10984,50,Ring16DB,distributed,subject,routing,assisted
Q2,2.82E+004,15,17117,79,11127,50,Ring16DB,distributed,subject,centralized,default
Q2,2.69E+004,15,15877,77,10984,50,Ring16DB,distributed,subject,centralized,assisted
Q2,1.58E+004,7,761,5,15080,50,Uniform16DB,hops,key,routing,default
Q2,1.58E+004,7,761,5,15080,50,Uniform16DB,hops,key,routing,assisted
Q2,1.58E+004,7,761,5,15080,50,Uniform16DB,hops,key,centralized,default
Q2,1.58E+004,7,761,5,15080,50,Uniform16DB,hops,key,centralized,assisted
Q2,2.36E+004,30,11049,72,12574,50,Uniform16DB,hops,subject,routing,default
Q2,2.26E+004,30,10185,70,12429,50,Uniform16DB,hops,subject,routing,assisted
Q2,2.36E+004,30,11049,72,12574,50,Uniform16DB,hops,subject,centralized,default
Q2,2.26E+004,30,10185,70,12429,50,Uniform16DB,hops,subject,centralized,assisted
Q2,1.58E+004,3,761,5,15080,50,Uniform16DB,distributed,key,routing,default
Q2,1.58E+004,3,761,5,15080,50,Uniform16DB,distributed,key,routing,assisted
Q2,1.58E+004,3,761,5,15080,50,Uniform16DB,distributed,key,centralized,default
Q2,1.58E+004,3,761,5,15080,50,Uniform16DB,distributed,key,centralized,assisted
Q2,2.24E+004,15,11089,67,11265,50,Uniform16DB,distributed,subject,routing,default
Q2,2.08E+004,15,9645,65,11122,50,Uniform16DB,distributed,subject,routing,assisted
Q2,2.24E+004,15,11089,67,11265,50,Uniform16DB,distributed,subject,centralized,default
Q2,2.08E+004,15,9645,65,11122,50,Uniform16DB,distributed,subject,centralized,assisted
Q2,8.05E+003,5,544,5,7508,100,Random16DB,hops,key,routing,default
Q2,8.05E+003,5,544,5,7508,100,Random16DB,hops,key,routing,assisted
Q2,8.05E+003,5,544,5,7508,100,Random16DB,hops,key,centralized,default
Q2,8.05E+003,5,544,5,7508,100,Random16DB,hops,key,centralized,assisted
Q2,2.24E+004,22,10196,71,12182,100,Random16DB,hops,subject,routing,default
Q2,2.11E+004,22,9032,69,12037,100,Random16DB,hops,subject,routing,assisted
Q2,2.24E+004,22,10196,71,12182,100,Random16DB,hops,subject,centralized,default
Q2,2.11E+004,22,9032,69,12037,100,Random16DB,hops,subject,centralized,assisted
Q2,1.19E+004,3,544,5,11326,100,Random16DB,distributed,key,routing,default
Q2,1.19E+004,3,544,5,11326,100,Random16DB,distributed,key,routing,assisted
Q2,1.19E+004,3,544,5,11326,100,Random16DB,distributed,key,centralized,default
Q2,1.19E+004,3,544,5,11326,100,Random16DB,distributed,key,centralized,assisted
Q2,2.27E+004,15,10530,67,12201,100,Random16DB,distributed,subject,routing,default
Q2,2.11E+004,15,9086,65,12058,100,Random16DB,distributed,subject,routing,assisted
Q2,2.27E+004,15,10530,67,12201,100,Random16DB,distributed,subject,centralized,default
Q2,2.11E+004,15,9086,65,12058,100,Random16DB,distributed,subject,centralized,assisted
Q2,7.88E+003,3,327,5,7556,5,Full16DB,hops,key,routing,default
Q2,7.88E+003,3,327,5,7556,5,Full16DB,hops,key,routing,assisted
Q2,7.88E+003,3,327,5,7556,5,Full16DB,hops,key,centralized,default
Q2,7.88E+003,3,327,5,7556,5,Full16DB,hops,key,centralized,assisted
Q2,1.51E+004,15,5240,66,9827,5,Full16DB,hops,subject,routing,default
Q2,1.34E+004,15,3680,64,9684,5,Full16DB,hops,subject,routing,assisted
Q2,1.51E+004,15,5240,66,9827,5,Full16DB,hops,subject,centralized,default
Q2,1.34E+004,15,3680,64,9684,5,Full16DB,hops,subject,centralized,assisted
Q2,7.88E+003,3,327,5,7556,5,Full16DB,distributed,key,routing,default
Q2,7.88E+003,3,327,5,7556,5,Full16DB,distributed,key,routing,assisted
Q2,7.88E+003,3,327,5,7556,5,Full16DB,distributed,key,centralized,default
Q2,7.88E+003,3,327,5,7556,5,Full16DB,distributed,key,centralized,assisted
Q2,1.51E+004,15,5240,66,9827,5,Full16DB,distributed,subject,routing,default
Q2,1.34E+004,15,3680,64,9684,5,Full16DB,distributed,subject,routing,assisted
Q2,1.51E+004,15,5240,66,9827,5,Full16DB,distributed,subject,centralized,default
Q2,1.34E+004,15,3680,64,9684,5,Full16DB,distributed,subject,centralized,assisted
Q2,8.05E+003,5,544,5,7508,5,Random16DB,hops,key,routing,default
Q2,8.05E+003,5,544,5,7508,5,Random16DB,hops,key,routing,assisted
Q2,8.05E+003,5,544,5,7508,5,Random16DB,hops,key,centralized,default
Q2,8.05E+003,5,544,5,7508,5,Random16DB,hops,key,centralized,assisted
Q2,2.24E+004,22,10196,71,12182,5,Random16DB,hops,subject,routing,default
Q2,2.11E+004,22,9032,69,12037,5,Random16DB,hops,subject,routing,assisted
Q2,2.24E+004,22,10196,71,12182,5,Random16DB,hops,subject,centralized,default
Q2,2.11E+004,22,9032,69,12037,5,Random16DB,hops,subject,centralized,assisted
Q2,1.19E+004,3,544,5,11326,5,Random16DB,distributed,key,routing,default
Q2,1.19E+004,3,544,5,11326,5,Random16DB,distributed,key,routing,assisted
Q2,1.19E+004,3,544,5,11326,5,Random16DB,distributed,key,centralized,default
Q2,1.19E+004,3,544,5,11326,5,Random16DB,distributed,key,centralized,assisted
Q2,2.27E+004,15,10530,67,12201,5,Random16DB,distributed,subject,routing,default
Q2,2.11E+004,15,9086,65,12058,5,Random16DB,distributed,subject,routing,assisted
Q2,2.27E+004,15,10530,67,12201,5,Random16DB,distributed,subject,centralized,default
Q2,2.11E+004,15,9086,65,12058,5,Random16DB,distributed,subject,centralized,assisted
Q2,2.66E+004,12,1414,5,25190,5,Ring16DB,hops,key,routing,default
Q2,2.66E+004,12,1426,5,25190,5,Ring16DB,hops,key,routing,assisted
Q2,2.66E+004,12,1414,5,25190,5,Ring16DB,hops,key,centralized,default
Q2,2.66E+004,12,1426,5,25190,5,Ring16DB,hops,key,centralized,assisted
Q2,2.82E+004,15,17117,79,11127,5,Ring16DB,hops,subject,routing,default
Q2,2.69E+004,15,15877,77,10984,5,Ring16DB,hops,subject,routing,assisted
Q2,2.82E+004,15,17117,79,11127,5,Ring16DB,hops,subject,centralized,default
Q2,2.69E+004,15,15877,77,10984,5,Ring16DB,hops,subject,centralized,assisted
Q2,2.66E+004,12,1414,5,25190,5,Ring16DB,distributed,key,routing,default
Q2,2.66E+004,12,1426,5,25190,5,Ring16DB,distributed,key,routing,assisted
Q2,2.66E+004,12,1414,5,25190,5,Ring16DB,distributed,key,centralized,default
Q2,2.66E+004,12,1426,5,25190,5,Ring16DB,distributed,key,centralized,assisted
Q2,2.82E+004,15,17117,79,11127,5,Ring16DB,distributed,subject,routing,default
Q2,2.69E+004,15,15877,77,10984,5,Ring16DB,distributed,subject,routing,assisted
Q2,2.82E+004,15,17117,79,11127,5,Ring16DB,distributed,subject,centralized,default
Q2,2.69E+004,15,15877,77,10984,5,Ring16DB,distributed,subject,centralized,assisted
Q2,1.58E+004,7,761,5,15080,5,Uniform16DB,hops,key,routing,default
Q2,1.58E+004,7,761,5,15080,5,Uniform16DB,hops,key,routing,assisted
Q2,1.58E+004,7,761,5,15080,5,Uniform16DB,hops,key,centralized,default
Q2,1.58E+004,7,761,5,15080,5,Uniform16DB,hops,key,centralized,assisted
Q2,2.36E+004,30,11049,72,12574,5,Uniform16DB,hops,subject,routing,default
Q2,2.26E+004,30,10185,70,12429,5,Uniform16DB,hops,subject,routing,assisted
Q2,2.36E+004,30,11049,72,12574,5,Uniform16DB,hops,subject,centralized,default
Q2,2.26E+004,30,10185,70,12429,5,Uniform16DB,hops,subject,centralized,assisted
Q2,1.58E+004,3,761,5,15080,5,Uniform16DB,distributed,key,routing,default
Q2,1.58E+004,3,761,5,15080,5,Uniform16DB,distributed,key,routing,assisted
Q2,1.58E+004,3,761,5,15080,5,Uniform16DB,distributed,key,centralized,default
Q2,1.58E+004,3,761,5,15080,5,Uniform16DB,distributed,key,centralized,assisted
Q2,2.24E+004,15,11089,67,11265,5,Uniform16DB,distributed,subject,routing,default
Q2,2.08E+004,15,9645,65,11122,5,Uniform16DB,distributed,subject,routing,assisted
Q2,2.24E+004,15,11089,67,11265,5,Uniform16DB,distributed,subject,centralized,default
Q2,2.08E+004,15,9645,65,11122,5,Uniform16DB,distributed,subject,centralized,assisted
Q3,4.77E+003,5,528,5,4238,50,Full16DB,hops,key,routing,default
Q3,4.72E+003,5,528,4,4192,50,Full16DB,hops,key,routing,assisted
Q3,4.77E+003,5,528,5,4238,50,Full16DB,hops,key,centralized,default
Q3,4.72E+003,5,528,4,4192,50,Full16DB,hops,key,centralized,assisted
Q3,1.64E+004,15,6170,81,10206,50,Full16DB,hops,subject,routing,default
Q3,1.75E+004,15,5450,54,12013,50,Full16DB,hops,subject,routing,assisted
Q3,1.64E+004,15,6170,81,10206,50,Full16DB,hops,subject,centralized,default
Q3,1.75E+004,15,5450,54,12013,50,Full16DB,hops,subject,centralized,assisted
Q3,4.77E+003,5,528,5,4238,50,Full16DB,distributed,key,routing,default
Q3,4.72E+003,5,528,4,4192,50,Full16DB,distributed,key,routing,assisted
Q3,4.77E+003,5,528,5,4238,50,Full16DB,distributed,key,centralized,default
Q3,4.72E+003,5,528,4,4192,50,Full16DB,distributed,key,centralized,assisted
Q3,1.64E+004,15,6170,81,10206,50,Full16DB,distributed,subject,routing,default
Q3,1.75E+004,15,5450,54,12013,50,Full16DB,distributed,subject,routing,assisted
Q3,1.64E+004,15,6170,81,10206,50,Full16DB,distributed,subject,centralized,default
Q3,1.75E+004,15,5450,54,12013,50,Full16DB,distributed,subject,centralized,assisted
Q3,1.16E+004,8,943,5,10670,50,Random16DB,hops,key,routing,default
Q3,1.16E+004,8,1011,4,10624,50,Random16DB,hops,key,routing,assisted
Q3,1.16E+004,8,943,5,10670,50,Random16DB,hops,key,centralized,default
Q3,1.16E+004,8,1011,4,10624,50,Random16DB,hops,key,centralized,assisted
Q3,2.95E+004,22,12529,86,17007,50,Random16DB,hops,subject,routing,default
Q3,3.57E+004,22,10721,69,24939,50,Random16DB,hops,subject,routing,assisted
Q3,2.95E+004,22,12529,86,17007,50,Random16DB,hops,subject,centralized,default
Q3,3.57E+004,22,10721,69,24939,50,Random16DB,hops,subject,centralized,assisted
Q3,1.16E+004,6,975,5,10670,50,Random16DB,distributed,key,routing,default
Q3,1.16E+004,6,975,4,10624,50,Random16DB,distributed,key,routing,assisted
Q3,1.16E+004,6,975,5,10670,50,Random16DB,distributed,key,centralized,default
Q3,1.16E+004,6,975,4,10624,50,Random16DB,distributed,key,centralized,assisted
Q3,2.57E+004,15,12825,82,12903,50,Random16DB,distributed,subject,routing,default
Q3,3.32E+004,15,10285,57,22939,50,Random16DB,distributed,subject,routing,assisted
Q3,2.57E+004,15,12825,82,12903,50,Random16DB,distributed,subject,centralized,default
Q3,3.32E+004,15,10285,57,22939,50,Random16DB,distributed,subject,centralized,assisted
Q3,1.60E+004,10,1455,5,14501,50,Ring16DB,hops,key,routing,default
Q3,1.61E+004,10,1491,5,14612,50,Ring16DB,hops,key,routing,assisted
Q3,1.60E+004,10,1455,5,14501,50,Ring16DB,hops,key,centralized,default
Q3,1.61E+004,10,1491,5,14612,50,Ring16DB,hops,key,centralized,assisted
Q3,3.29E+004,15,21386,94,11557,50,Ring16DB,hops,subject,routing,default
Q3,4.81E+004,15,17490,93,30623,50,Ring16DB,hops,subject,routing,assisted
Q3,3.29E+004,15,21386,94,11557,50,Ring16DB,hops,subject,centralized,default
Q3,4.81E+004,15,17490,93,30623,50,Ring16DB,hops,subject,centralized,assisted
Q3,1.60E+004,10,1455,5,14501,50,Ring16DB,distributed,key,routing,default
Q3,1.61E+004,10,1491,5,14612,50,Ring16DB,distributed,key,routing,assisted
Q3,1.60E+004,10,1455,5,14501,50,Ring16DB,distributed,key,centralized,default
Q3,1.61E+004,10,1491,5,14612,50,Ring16DB,distributed,key,centralized,assisted
Q3,3.29E+004,15,21386,94,11557,50,Ring16DB,distributed,subject,routing,default
Q3,4.81E+004,15,17490,93,30623,50,Ring16DB,distributed,subject,routing,assisted
Q3,3.29E+004,15,21386,94,11557,50,Ring16DB,distributed,subject,centralized,default
Q3,4.81E+004,15,17490,93,30623,50,Ring16DB,distributed,subject,centralized,assisted
Q3,1.27E+004,8,943,5,11790,50,Uniform16DB,hops,key,routing,default
Q3,1.28E+004,8,1011,4,11744,50,Uniform16DB,hops,key,routing,assisted
Q3,1.27E+004,8,943,5,11790,50,Uniform16DB,hops,key,centralized,default
Q3,1.28E+004,8,1011,4,11744,50,Uniform16DB,hops,key,centralized,assisted
Q3,2.98E+004,30,13566,87,16271,50,Uniform16DB,hops,subject,routing,default
Q3,3.78E+004,30,11598,72,26195,50,Uniform16DB,hops,subject,routing,assisted
Q3,2.98E+004,30,13566,87,16271,50,Uniform16DB,hops,subject,centralized,default
Q3,3.78E+004,30,11598,72,26195,50,Uniform16DB,hops,subject,centralized,assisted
Q3,1.27E+004,3,943,5,11790,50,Uniform16DB,distributed,key,routing,default
Q3,1.28E+004,3,1011,4,11744,50,Uniform16DB,distributed,key,routing,assisted
Q3,1.27E+004,3,943,5,11790,50,Uniform16DB,distributed,key,centralized,default
Q3,1.28E+004,3,1011,4,11744,50,Uniform16DB,distributed,key,centralized,assisted
Q3,2.65E+004,15,13526,82,12957,50,Uniform16DB,distributed,subject,routing,default
Q3,3.47E+004,15,10778,57,23887,50,Uniform16DB,distributed,subject,routing,assisted
Q3,2.65E+004,15,13526,82,12957,50,Uniform16DB,distributed,subject,centralized,default
Q3,3.47E+004,15,10778,57,23887,50,Uniform16DB,distributed,subject,centralized,assisted
Q3,1.16E+004,8,943,5,10670,100,Random16DB,hops,key,routing,default
Q3,1.16E+004,8,1011,4,10624,100,Random16DB,hops,key,routing,assisted
Q3,1.16E+004,8,943,5,10670,100,Random16DB,hops,key,centralized,default
Q3,1.16E+004,8,1011,4,10624,100,Random16DB,hops,key,centralized,assisted
Q3,3.55E+004,22,12529,86,23007,100,Random16DB,hops,subject,routing,default
Q3,4.17E+004,22,10721,69,30939,100,Random16DB,hops,subject,routing,assisted
Q3,3.55E+004,22,12529,86,23007,100,Random16DB,hops,subject,centralized,default
Q3,4.17E+004,22,10721,69,30939,100,Random16DB,hops,subject,centralized,assisted
Q3,1.16E+004,6,975,5,10670,100,Random16DB,distributed,key,routing,default
Q3,1.16E+004,6,975,4,10624,100,Random16DB,distributed,key,routing,assisted
Q3,1.16E+004,6,975,5,10670,100,Random16DB,distributed,key,centralized,default
Q3,1.16E+004,6,975,4,10624,100,Random16DB,distributed,key,centralized,assisted
Q3,2.69E+004,15,12825,82,14103,100,Random16DB,distributed,subject,routing,default
Q3,3.44E+004,15,10285,57,24139,100,Random16DB,distributed,subject,routing,assisted
Q3,2.69E+004,15,12825,82,14103,100,Random16DB,distributed,subject,centralized,default
Q3,3.44E+004,15,10285,57,24139,100,Random16DB,distributed,subject,centralized,assisted
Q3,4.77E+003,5,528,5,4238,5,Full16DB,hops,key,routing,default
Q3,4.72E+003,5,528,4,4192,5,Full16DB,hops,key,routing,assisted
Q3,4.77E+003,5,528,5,4238,5,Full16DB,hops,key,centralized,default
Q3,4.72E+003,5,528,4,4192,5,Full16DB,hops,key,centralized,assisted
Q3,1.64E+004,15,6170,81,10206,5,Full16DB,hops,subject,routing,default
Q3,1.75E+004,15,5450,54,12013,5,Full16DB,hops,subject,routing,assisted
Q3,1.64E+004,15,6170,81,10206,5,Full16DB,hops,subject,centralized,default
Q3,1.75E+004,15,5450,54,12013,5,Full16DB,hops,subject,centralized,assisted
Q3,4.77E+003,5,528,5,4238,5,Full16DB,distributed,key,routing,default
Q3,4.72E+003,5,528,4,4192,5,Full16DB,distributed,key,routing,assisted
Q3,4.77E+003,5,528,5,4238,5,Full16DB,distributed,key,centralized,default
Q3,4.72E+003,5,528,4,4192,5,Full16DB,distributed,key,centralized,assisted
Q3,1.64E+004,15,6170,81,10206,5,Full16DB,distributed,subject,routing,default
Q3,1.75E+004,15,5450,54,12013,5,Full16DB,distributed,subject,routing,assisted
Q3,1.64E+004,15,6170,81,10206,5,Full16DB,distributed,subject,centralized,default
Q3,1.75E+004,15,5450,54,12013,5,Full16DB,distributed,subject,centralized,assisted
Q3,1.16E+004,8,943,5,10670,5,Random16DB,hops,key,routing,default
Q3,1.16E+004,8,1011,4,10624,5,Random16DB,hops,key,routing,assisted
Q3,1.16E+004,8,943,5,10670,5,Random16DB,hops,key,centralized,default
Q3,1.16E+004,8,1011,4,10624,5,Random16DB,hops,key,centralized,assisted
Q3,2.41E+004,22,12529,86,11607,5,Random16DB,hops,subject,routing,default
Q3,3.03E+004,22,10721,69,19539,5,Random16DB,hops,subject,routing,assisted
Q3,2.41E+004,22,12529,86,11607,5,Random16DB,hops,subject,centralized,default
Q3,3.03E+004,22,10721,69,19539,5,Random16DB,hops,subject,centralized,assisted
Q3,1.16E+004,6,975,5,10670,5,Random16DB,distributed,key,routing,default
Q3,1.16E+004,6,975,4,10624,5,Random16DB,distributed,key,routing,assisted
Q3,1.16E+004,6,975,5,10670,5,Random16DB,distributed,key,centralized,default
Q3,1.16E+004,6,975,4,10624,5,Random16DB,distributed,key,centralized,assisted
Q3,2.46E+004,15,12825,82,11823,5,Random16DB,distributed,subject,routing,default
Q3,3.21E+004,15,10285,57,21859,5,Random16DB,distributed,subject,routing,assisted
Q3,2.46E+004,15,12825,82,11823,5,Random16DB,distributed,subject,centralized,default
Q3,3.21E+004,15,10285,57,21859,5,Random16DB,distributed,subject,centralized,assisted
Q3,1.60E+004,10,1455,5,14501,5,Ring16DB,hops,key,routing,default
Q3,1.61E+004,10,1491,5,14612,5,Ring16DB,hops,key,routing,assisted
Q3,1.60E+004,10,1455,5,14501,5,Ring16DB,hops,key,centralized,default
Q3,1.61E+004,10,1491,5,14612,5,Ring16DB,hops,key,centralized,assisted
Q3,3.29E+004,15,21386,94,11557,5,Ring16DB,hops,subject,routing,default
Q3,4.81E+004,15,17490,93,30623,5,Ring16DB,hops,subject,routing,assisted
Q3,3.29E+004,15,21386,94,11557,5,Ring16DB,hops,subject,centralized,default
Q3,4.81E+004,15,17490,93,30623,5,Ring16DB,hops,subject,centralized,assisted
Q3,1.60E+004,10,1455,5,14501,5,Ring16DB,distributed,key,routing,default
Q3,1.61E+004,10,1491,5,14612,5,Ring16DB,distributed,key,routing,assisted
Q3,1.60E+004,10,1455,5,14501,5,Ring16DB,distributed,key,centralized,default
Q3,1.61E+004,10,1491,5,14612,5,Ring16DB,distributed,key,centralized,assisted
Q3,3.29E+004,15,21386,94,11557,5,Ring16DB,distributed,subject,routing,default
Q3,4.81E+004,15,17490,93,30623,5,Ring16DB,distributed,subject,routing,assisted
Q3,3.29E+004,15,21386,94,11557,5,Ring16DB,distributed,subject,centralized,default
Q3,4.81E+004,15,17490,93,30623,5,Ring16DB,distributed,subject,centralized,assisted
Q3,1.27E+004,8,943,5,11790,5,Uniform16DB,hops,key,routing,default
Q3,1.28E+004,8,1011,4,11744,5,Uniform16DB,hops,key,routing,assisted
Q3,1.27E+004,8,943,5,11790,5,Uniform16DB,hops,key,centralized,default
Q3,1.28E+004,8,1011,4,11744,5,Uniform16DB,hops,key,centralized,assisted
Q3,2.55E+004,30,13566,87,11951,5,Uniform16DB,hops,subject,routing,default
Q3,3.35E+004,30,11598,72,21875,5,Uniform16DB,hops,subject,routing,assisted
Q3,2.55E+004,30,13566,87,11951,5,Uniform16DB,hops,subject,centralized,default
Q3,3.35E+004,30,11598,72,21875,5,Uniform16DB,hops,subject,centralized,assisted
Q3,1.27E+004,3,943,5,11790,5,Uniform16DB,distributed,key,routing,default
Q3,1.28E+004,3,1011,4,11744,5,Uniform16DB,distributed,key,routing,assisted
Q3,1.27E+004,3,943,5,11790,5,Uniform16DB,distributed,key,centralized,default
Q3,1.28E+004,3,1011,4,11744,5,Uniform16DB,distributed,key,centralized,assisted
Q3,2.54E+004,15,13526,82,11877,5,Uniform16DB,distributed,subject,routing,default
Q3,3.36E+004,15,10778,57,22807,5,Uniform16DB,distributed,subject,routing,assisted
Q3,2.54E+004,15,13526,82,11877,5,Uniform16DB,distributed,subject,centralized,default
Q3,3.36E+004,15,10778,57,22807,5,Uniform16DB,distributed,subject,centralized,assisted
Q4,1.83E+005,5,623,9,182195,50,Full16DB,hops,key,routing,default
Q4,1.83E+005,5,623,7,182000,50,Full16DB,hops,key,routing,assisted
Q4,1.83E+005,5,623,9,182195,50,Full16DB,hops,key,centralized,default
Q4,1.83E+005,5,623,7,182000,50,Full16DB,hops,key,centralized,assisted
Q4,3.24E+005,15,8270,178,315654,50,Full16DB,hops,subject,routing,default
Q4,3.19E+005,15,6650,117,312710,50,Full16DB,hops,subject,routing,assisted
Q4,3.24E+005,15,8270,178,315654,50,Full16DB,hops,subject,centralized,default
Q4,3.19E+005,15,6650,117,312710,50,Full16DB,hops,subject,centralized,assisted
Q4,1.83E+005,5,623,9,182195,50,Full16DB,distributed,key,routing,default
Q4,1.83E+005,5,623,7,182000,50,Full16DB,distributed,key,routing,assisted
Q4,1.83E+005,5,623,9,182195,50,Full16DB,distributed,key,centralized,default
Q4,1.83E+005,5,623,7,182000,50,Full16DB,distributed,key,centralized,assisted
Q4,3.24E+005,15,8270,178,315654,50,Full16DB,distributed,subject,routing,default
Q4,3.19E+005,15,6650,117,312710,50,Full16DB,distributed,subject,routing,assisted
Q4,3.24E+005,15,8270,178,315654,50,Full16DB,distributed,subject,centralized,default
Q4,3.19E+005,15,6650,117,312710,50,Full16DB,distributed,subject,centralized,assisted
Q4,5.45E+005,9,1160,9,543929,50,Random16DB,hops,key,routing,default
Q4,4.24E+005,9,1228,8,422457,50,Random16DB,hops,key,routing,assisted
Q4,5.45E+005,9,1160,9,543929,50,Random16DB,hops,key,centralized,default
Q4,4.24E+005,9,1228,8,422457,50,Random16DB,hops,key,centralized,assisted
Q4,5.76E+005,22,15684,194,560186,50,Random16DB,hops,subject,routing,default
Q4,5.68E+005,22,14544,140,553241,50,Random16DB,hops,subject,routing,assisted
Q4,5.76E+005,22,15684,194,560186,50,Random16DB,hops,subject,centralized,default
Q4,5.68E+005,22,14544,140,553241,50,Random16DB,hops,subject,centralized,assisted
Q4,5.45E+005,6,1192,9,543929,50,Random16DB,distributed,key,routing,default
Q4,5.45E+005,6,1192,7,543734,50,Random16DB,distributed,key,routing,assisted
Q4,5.45E+005,6,1192,9,543929,50,Random16DB,distributed,key,centralized,default
Q4,5.45E+005,6,1192,7,543734,50,Random16DB,distributed,key,centralized,assisted
Q4,5.74E+005,15,16084,181,557702,50,Random16DB,distributed,subject,routing,default
Q4,5.71E+005,15,13820,122,556938,50,Random16DB,distributed,subject,routing,assisted
Q4,5.74E+005,15,16084,181,557702,50,Random16DB,distributed,subject,centralized,default
Q4,5.71E+005,15,13820,122,556938,50,Random16DB,distributed,subject,centralized,assisted
Q4,5.51E+005,14,2089,9,548465,50,Ring16DB,hops,key,routing,default
Q4,5.48E+005,14,2257,9,545532,50,Ring16DB,hops,key,routing,assisted
Q4,5.51E+005,14,2089,9,548465,50,Ring16DB,hops,key,centralized,default
Q4,5.48E+005,14,2257,9,545532,50,Ring16DB,hops,key,centralized,assisted
Q4,1.05E+006,15,26553,195,1020950,50,Ring16DB,hops,subject,routing,default
Q4,1.04E+006,15,25353,171,1018517,50,Ring16DB,hops,subject,routing,assisted
Q4,1.05E+006,15,26553,195,1020950,50,Ring16DB,hops,subject,centralized,default
Q4,1.04E+006,15,25353,171,1018517,50,Ring16DB,hops,subject,centralized,assisted
Q4,5.51E+005,14,2089,9,548465,50,Ring16DB,distributed,key,routing,default
Q4,5.48E+005,14,2257,9,545532,50,Ring16DB,distributed,key,routing,assisted
Q4,5.51E+005,14,2089,9,548465,50,Ring16DB,distributed,key,centralized,default
Q4,5.48E+005,14,2257,9,545532,50,Ring16DB,distributed,key,centralized,assisted
Q4,1.05E+006,15,26553,195,1020950,50,Ring16DB,distributed,subject,routing,default
Q4,1.04E+006,15,25353,171,1018517,50,Ring16DB,distributed,subject,routing,assisted
Q4,1.05E+006,15,26553,195,1020950,50,Ring16DB,distributed,subject,centralized,default
Q4,1.04E+006,15,25353,171,1018517,50,Ring16DB,distributed,subject,centralized,assisted
Q4,5.47E+005,11,1318,9,545284,50,Uniform16DB,hops,key,routing,default
Q4,4.26E+005,11,1386,8,425089,50,Uniform16DB,hops,key,routing,assisted
Q4,5.47E+005,11,1318,9,545284,50,Uniform16DB,hops,key,centralized,default
Q4,4.26E+005,11,1386,8,425089,50,Uniform16DB,hops,key,centralized,assisted
Q4,6.02E+005,30,16854,196,585149,50,Uniform16DB,hops,subject,routing,default
Q4,5.97E+005,30,15834,147,580951,50,Uniform16DB,hops,subject,routing,assisted
Q4,6.02E+005,30,16854,196,585149,50,Uniform16DB,hops,subject,centralized,default
Q4,5.97E+005,30,15834,147,580951,50,Uniform16DB,hops,subject,centralized,assisted
Q4,5.47E+005,5,1318,9,545284,50,Uniform16DB,distributed,key,routing,default
Q4,4.26E+005,5,1386,8,425089,50,Uniform16DB,distributed,key,routing,assisted
Q4,5.47E+005,5,1318,9,545284,50,Uniform16DB,distributed,key,centralized,default
Q4,4.26E+005,5,1386,8,425089,50,Uniform16DB,distributed,key,centralized,assisted
Q4,6.01E+005,15,16909,181,584361,50,Uniform16DB,distributed,subject,routing,default
Q4,5.98E+005,15,14549,122,583920,50,Uniform16DB,distributed,subject,routing,assisted
Q4,6.01E+005,15,16909,181,584361,50,Uniform16DB,distributed,subject,centralized,default
Q4,5.98E+005,15,14549,122,583920,50,Uniform16DB,distributed,subject,centralized,assisted
Q4,1.09E+006,9,1160,9,1083929,100,Random16DB,hops,key,routing,default
Q4,8.44E+005,9,1228,8,842457,100,Random16DB,hops,key,routing,assisted
Q4,1.09E+006,9,1160,9,1083929,100,Random16DB,hops,key,centralized,default
Q4,8.44E+005,9,1228,8,842457,100,Random16DB,hops,key,centralized,assisted
Q4,1.11E+006,22,15684,194,1098586,100,Random16DB,hops,subject,routing,default
Q4,1.10E+006,22,14544,140,1087641,100,Random16DB,hops,subject,routing,assisted
Q4,1.11E+006,22,15684,194,1098586,100,Random16DB,hops,subject,centralized,default
Q4,1.10E+006,22,14544,140,1087641,100,Random16DB,hops,subject,centralized,assisted
Q4,1.09E+006,6,1192,9,1083929,100,Random16DB,distributed,key,routing,default
Q4,1.08E+006,6,1192,7,1083734,100,Random16DB,distributed,key,routing,assisted
Q4,1.09E+006,6,1192,9,1083929,100,Random16DB,distributed,key,centralized,default
Q4,1.08E+006,6,1192,7,1083734,100,Random16DB,distributed,key,centralized,assisted
Q4,1.11E+006,15,16084,181,1093302,100,Random16DB,distributed,subject,routing,default
Q4,1.11E+006,15,13820,122,1091738,100,Random16DB,distributed,subject,routing,assisted
Q4,1.11E+006,15,16084,181,1093302,100,Random16DB,distributed,subject,centralized,default
Q4,1.11E+006,15,13820,122,1091738,100,Random16DB,distributed,subject,centralized,assisted
Q4,2.08E+004,5,623,9,20195,5,Full16DB,hops,key,routing,default
Q4,2.06E+004,5,623,7,20000,5,Full16DB,hops,key,routing,assisted
Q4,2.08E+004,5,623,9,20195,5,Full16DB,hops,key,centralized,default
Q4,2.06E+004,5,623,7,20000,5,Full16DB,hops,key,centralized,assisted
Q4,5.39E+004,15,8270,178,45654,5,Full16DB,hops,subject,routing,default
Q4,4.94E+004,15,6650,117,42710,5,Full16DB,hops,subject,routing,assisted
Q4,5.39E+004,15,8270,178,45654,5,Full16DB,hops,subject,centralized,default
Q4,4.94E+004,15,6650,117,42710,5,Full16DB,hops,subject,centralized,assisted
Q4,2.08E+004,5,623,9,20195,5,Full16DB,distributed,key,routing,default
Q4,2.06E+004,5,623,7,20000,5,Full16DB,distributed,key,routing,assisted
Q4,2.08E+004,5,623,9,20195,5,Full16DB,distributed,key,centralized,default
Q4,2.06E+004,5,623,7,20000,5,Full16DB,distributed,key,centralized,assisted
Q4,5.39E+004,15,8270,178,45654,5,Full16DB,distributed,subject,routing,default
Q4,4.94E+004,15,6650,117,42710,5,Full16DB,distributed,subject,routing,assisted
Q4,5.39E+004,15,8270,178,45654,5,Full16DB,distributed,subject,centralized,default
Q4,4.94E+004,15,6650,117,42710,5,Full16DB,distributed,subject,centralized,assisted
Q4,5.91E+004,9,1160,9,57929,5,Random16DB,hops,key,routing,default
Q4,4.57E+004,9,1228,8,44457,5,Random16DB,hops,key,routing,assisted
Q4,5.91E+004,9,1160,9,57929,5,Random16DB,hops,key,centralized,default
Q4,4.57E+004,9,1228,8,44457,5,Random16DB,hops,key,centralized,assisted
Q4,9.13E+004,22,15684,194,75626,5,Random16DB,hops,subject,routing,default
Q4,8.68E+004,22,14544,140,72281,5,Random16DB,hops,subject,routing,assisted
Q4,9.13E+004,22,15684,194,75626,5,Random16DB,hops,subject,centralized,default
Q4,8.68E+004,22,14544,140,72281,5,Random16DB,hops,subject,centralized,assisted
Q4,5.91E+004,6,1192,9,57929,5,Random16DB,distributed,key,routing,default
Q4,5.89E+004,6,1192,7,57734,5,Random16DB,distributed,key,routing,assisted
Q4,5.91E+004,6,1192,9,57929,5,Random16DB,distributed,key,centralized,default
Q4,5.89E+004,6,1192,7,57734,5,Random16DB,distributed,key,centralized,assisted
Q4,9.17E+004,15,16084,181,75662,5,Random16DB,distributed,subject,routing,default
Q4,8.94E+004,15,13820,122,75618,5,Random16DB,distributed,subject,routing,assisted
Q4,9.17E+004,15,16084,181,75662,5,Random16DB,distributed,subject,centralized,default
Q4,8.94E+004,15,13820,122,75618,5,Random16DB,distributed,subject,centralized,assisted
Q4,6.46E+004,14,2089,9,62465,5,Ring16DB,hops,key,routing,default
Q4,6.18E+004,14,2257,9,59532,5,Ring16DB,hops,key,routing,assisted
Q4,6.46E+004,14,2089,9,62465,5,Ring16DB,hops,key,centralized,default
Q4,6.18E+004,14,2257,9,59532,5,Ring16DB,hops,key,centralized,assisted
Q4,1.55E+005,15,26553,195,128150,5,Ring16DB,hops,subject,routing,default
Q4,1.51E+005,15,25353,171,125717,5,Ring16DB,hops,subject,routing,assisted
Q4,1.55E+005,15,26553,195,128150,5,Ring16DB,hops,subject,centralized,default
Q4,1.51E+005,15,25353,171,125717,5,Ring16DB,hops,subject,centralized,assisted
Q4,6.46E+004,14,2089,9,62465,5,Ring16DB,distributed,key,routing,default
Q4,6.18E+004,14,2257,9,59532,5,Ring16DB,distributed,key,routing,assisted
Q4,6.46E+004,14,2089,9,62465,5,Ring16DB,distributed,key,centralized,default
Q4,6.18E+004,14,2257,9,59532,5,Ring16DB,distributed,key,centralized,assisted
Q4,1.55E+005,15,26553,195,128150,5,Ring16DB,distributed,subject,routing,default
Q4,1.51E+005,15,25353,171,125717,5,Ring16DB,distributed,subject,routing,assisted
Q4,1.55E+005,15,26553,195,128150,5,Ring16DB,distributed,subject,centralized,default
Q4,1.51E+005,15,25353,171,125717,5,Ring16DB,distributed,subject,centralized,assisted
Q4,6.06E+004,11,1318,9,59284,5,Uniform16DB,hops,key,routing,default
Q4,4.85E+004,11,1386,8,47089,5,Uniform16DB,hops,key,routing,assisted
Q4,6.06E+004,11,1318,9,59284,5,Uniform16DB,hops,key,centralized,default
Q4,4.85E+004,11,1386,8,47089,5,Uniform16DB,hops,key,centralized,assisted
Q4,9.62E+004,30,16854,196,79349,5,Uniform16DB,hops,subject,routing,default
Q4,9.39E+004,30,15834,147,78031,5,Uniform16DB,hops,subject,routing,assisted
Q4,9.62E+004,30,16854,196,79349,5,Uniform16DB,hops,subject,centralized,default
Q4,9.39E+004,30,15834,147,78031,5,Uniform16DB,hops,subject,centralized,assisted
Q4,6.06E+004,5,1318,9,59284,5,Uniform16DB,distributed,key,routing,default
Q4,4.85E+004,5,1386,8,47089,5,Uniform16DB,distributed,key,routing,assisted
Q4,6.06E+004,5,1318,9,59284,5,Uniform16DB,distributed,key,centralized,default
Q4,4.85E+004,5,1386,8,47089,5,Uniform16DB,distributed,key,centralized,assisted
Q4,9.58E+004,15,16909,181,78921,5,Uniform16DB,distributed,subject,routing,default
Q4,9.37E+004,15,14549,122,79200,5,Uniform16DB,distributed,subject,routing,assisted
Q4,9.58E+004,15,16909,181,78921,5,Uniform16DB,distributed,subject,centralized,default
Q4,9.37E+004,15,14549,122,79200,5,Uniform16DB,distributed,subject,centralized,assisted
Q5,4.23E+005,6,889,11,422376,50,Full16DB,hops,key,routing,default
Q5,4.27E+005,6,889,54,426531,50,Full16DB,hops,key,routing,assisted
Q5,4.23E+005,6,889,11,422376,50,Full16DB,hops,key,centralized,default
Q5,4.27E+005,6,889,54,426531,50,Full16DB,hops,key,centralized,assisted
Q5,5.74E+005,15,14525,214,559183,50,Full16DB,hops,subject,routing,default
Q5,7.46E+005,15,10085,153,736068,50,Full16DB,hops,subject,routing,assisted
Q5,5.74E+005,15,14525,214,559183,50,Full16DB,hops,subject,centralized,default
Q5,7.46E+005,15,10085,153,736068,50,Full16DB,hops,subject,centralized,assisted
Q5,4.23E+005,6,889,11,422376,50,Full16DB,distributed,key,routing,default
Q5,4.27E+005,6,889,54,426531,50,Full16DB,distributed,key,routing,assisted
Q5,4.23E+005,6,889,11,422376,50,Full16DB,distributed,key,centralized,default
Q5,4.27E+005,6,889,54,426531,50,Full16DB,distributed,key,centralized,assisted
Q5,5.74E+005,15,14525,214,559183,50,Full16DB,distributed,subject,routing,default
Q5,7.46E+005,15,10085,153,736068,50,Full16DB,distributed,subject,routing,assisted
Q5,5.74E+005,15,14525,214,559183,50,Full16DB,distributed,subject,centralized,default
Q5,7.46E+005,15,10085,153,736068,50,Full16DB,distributed,subject,centralized,assisted
Q5,9.06E+005,9,1492,11,904201,50,Random16DB,hops,key,routing,default
Q5,8.03E+005,9,1568,199,800999,50,Random16DB,hops,key,routing,assisted
Q5,9.06E+005,9,1492,11,904201,50,Random16DB,hops,key,centralized,default
Q5,8.03E+005,9,1568,199,800999,50,Random16DB,hops,key,centralized,assisted
Q5,9.22E+005,22,24296,225,898145,50,Random16DB,hops,subject,routing,default
Q5,1.18E+006,22,19760,327,1157816,50,Random16DB,hops,subject,routing,assisted
Q5,9.22E+005,22,24296,225,898145,50,Random16DB,hops,subject,centralized,default
Q5,1.18E+006,22,19760,327,1157816,50,Random16DB,hops,subject,centralized,assisted
Q5,9.06E+005,5,1553,11,904201,50,Random16DB,distributed,key,routing,default
Q5,9.10E+005,5,1553,54,908356,50,Random16DB,distributed,key,routing,assisted
Q5,9.06E+005,5,1553,11,904201,50,Random16DB,distributed,key,centralized,default
Q5,9.10E+005,5,1553,54,908356,50,Random16DB,distributed,key,centralized,assisted
Q5,9.06E+005,15,25001,217,881323,50,Random16DB,distributed,subject,routing,default
Q5,1.16E+006,15,18845,159,1145625,50,Random16DB,distributed,subject,routing,assisted
Q5,9.06E+005,15,25001,217,881323,50,Random16DB,distributed,subject,centralized,default
Q5,1.16E+006,15,18845,159,1145625,50,Random16DB,distributed,subject,centralized,assisted
Q5,9.11E+005,14,2421,11,908737,50,Ring16DB,hops,key,routing,default
Q5,9.13E+005,14,2721,56,910154,50,Ring16DB,hops,key,routing,assisted
Q5,9.11E+005,14,2421,11,908737,50,Ring16DB,hops,key,centralized,default
Q5,9.13E+005,14,2721,56,910154,50,Ring16DB,hops,key,centralized,assisted
Q5,1.50E+006,15,38526,231,1461714,50,Ring16DB,hops,subject,routing,default
Q5,2.02E+006,15,33178,231,1988503,50,Ring16DB,hops,subject,routing,assisted
Q5,1.50E+006,15,38526,231,1461714,50,Ring16DB,hops,subject,centralized,default
Q5,2.02E+006,15,33178,231,1988503,50,Ring16DB,hops,subject,centralized,assisted
Q5,9.11E+005,14,2421,11,908737,50,Ring16DB,distributed,key,routing,default
Q5,9.13E+005,14,2721,56,910154,50,Ring16DB,distributed,key,routing,assisted
Q5,9.11E+005,14,2421,11,908737,50,Ring16DB,distributed,key,centralized,default
Q5,9.13E+005,14,2721,56,910154,50,Ring16DB,distributed,key,centralized,assisted
Q5,1.50E+006,15,38526,231,1461714,50,Ring16DB,distributed,subject,routing,default
Q5,2.02E+006,15,33178,231,1988503,50,Ring16DB,distributed,subject,routing,assisted
Q5,1.50E+006,15,38526,231,1461714,50,Ring16DB,distributed,subject,centralized,default
Q5,2.02E+006,15,33178,231,1988503,50,Ring16DB,distributed,subject,centralized,assisted
Q5,7.87E+005,12,1584,11,785465,50,Uniform16DB,hops,key,routing,default
Q5,6.85E+005,12,1736,199,683540,50,Uniform16DB,hops,key,routing,assisted
Q5,7.87E+005,12,1584,11,785465,50,Uniform16DB,hops,key,centralized,default
Q5,6.85E+005,12,1736,199,683540,50,Uniform16DB,hops,key,centralized,assisted
Q5,9.54E+005,30,26061,232,927926,50,Uniform16DB,hops,subject,routing,default
Q5,1.22E+006,30,21369,333,1201592,50,Uniform16DB,hops,subject,routing,assisted
Q5,9.54E+005,30,26061,232,927926,50,Uniform16DB,hops,subject,centralized,default
Q5,1.22E+006,30,21369,333,1201592,50,Uniform16DB,hops,subject,centralized,assisted
Q5,7.87E+005,5,1584,11,785465,50,Uniform16DB,distributed,key,routing,default
Q5,6.71E+005,5,1736,55,669620,50,Uniform16DB,distributed,key,routing,assisted
Q5,7.87E+005,5,1584,11,785465,50,Uniform16DB,distributed,key,centralized,default
Q5,6.71E+005,5,1736,55,669620,50,Uniform16DB,distributed,key,centralized,assisted
Q5,9.43E+005,15,26106,217,916509,50,Uniform16DB,distributed,subject,routing,default
Q5,1.21E+006,15,19734,159,1190876,50,Uniform16DB,distributed,subject,routing,assisted
Q5,9.43E+005,15,26106,217,916509,50,Uniform16DB,distributed,subject,centralized,default
Q5,1.21E+006,15,19734,159,1190876,50,Uniform16DB,distributed,subject,centralized,assisted
Q5,1.81E+006,9,1492,11,1804201,100,Random16DB,hops,key,routing,default
Q5,1.58E+006,9,1568,199,1580999,100,Random16DB,hops,key,routing,assisted
Q5,1.81E+006,9,1492,11,1804201,100,Random16DB,hops,key,centralized,default
Q5,1.58E+006,9,1568,199,1580999,100,Random16DB,hops,key,centralized,assisted
Q5,1.80E+006,22,24296,225,1770945,100,Random16DB,hops,subject,routing,default
Q5,2.30E+006,22,19760,327,2279816,100,Random16DB,hops,subject,routing,assisted
Q5,1.80E+006,22,24296,225,1770945,100,Random16DB,hops,subject,centralized,default
Q5,2.30E+006,22,19760,327,2279816,100,Random16DB,hops,subject,centralized,assisted
Q5,1.81E+006,5,1553,11,1804201,100,Random16DB,distributed,key,routing,default
Q5,1.81E+006,5,1553,54,1808356,100,Random16DB,distributed,key,routing,assisted
Q5,1.81E+006,5,1553,11,1804201,100,Random16DB,distributed,key,centralized,default
Q5,1.81E+006,5,1553,54,1808356,100,Random16DB,distributed,key,centralized,assisted
Q5,1.76E+006,15,25001,217,1736523,100,Random16DB,distributed,subject,routing,default
Q5,2.28E+006,15,18845,159,2264025,100,Random16DB,distributed,subject,routing,assisted
Q5,1.76E+006,15,25001,217,1736523,100,Random16DB,distributed,subject,centralized,default
Q5,2.28E+006,15,18845,159,2264025,100,Random16DB,distributed,subject,centralized,assisted
Q5,4.53E+004,6,889,11,44376,5,Full16DB,hops,key,routing,default
Q5,4.94E+004,6,889,54,48531,5,Full16DB,hops,key,routing,assisted
Q5,4.53E+004,6,889,11,44376,5,Full16DB,hops,key,centralized,default
Q5,4.94E+004,6,889,54,48531,5,Full16DB,hops,key,centralized,assisted
Q5,8.77E+004,15,14525,214,73183,5,Full16DB,hops,subject,routing,default
Q5,9.82E+004,15,10085,153,88068,5,Full16DB,hops,subject,routing,assisted
Q5,8.77E+004,15,14525,214,73183,5,Full16DB,hops,subject,centralized,default
Q5,9.82E+004,15,10085,153,88068,5,Full16DB,hops,subject,centralized,assisted
Q5,4.53E+004,6,889,11,44376,5,Full16DB,distributed,key,routing,default
Q5,4.94E+004,6,889,54,48531,5,Full16DB,distributed,key,routing,assisted
Q5,4.53E+004,6,889,11,44376,5,Full16DB,distributed,key,centralized,default
Q5,4.94E+004,6,889,54,48531,5,Full16DB,distributed,key,centralized,assisted
Q5,8.77E+004,15,14525,214,73183,5,Full16DB,distributed,subject,routing,default
Q5,9.82E+004,15,10085,153,88068,5,Full16DB,distributed,subject,routing,assisted
Q5,8.77E+004,15,14525,214,73183,5,Full16DB,distributed,subject,centralized,default
Q5,9.82E+004,15,10085,153,88068,5,Full16DB,distributed,subject,centralized,assisted
Q5,9.57E+004,9,1492,11,94201,5,Random16DB,hops,key,routing,default
Q5,1.01E+005,9,1568,199,98999,5,Random16DB,hops,key,routing,assisted
Q5,9.57E+004,9,1492,11,94201,5,Random16DB,hops,key,centralized,default
Q5,1.01E+005,9,1568,199,98999,5,Random16DB,hops,key,centralized,assisted
Q5,1.37E+005,22,24296,225,112625,5,Random16DB,hops,subject,routing,default
Q5,1.68E+005,22,19760,327,148016,5,Random16DB,hops,subject,routing,assisted
Q5,1.37E+005,22,24296,225,112625,5,Random16DB,hops,subject,centralized,default
Q5,1.68E+005,22,19760,327,148016,5,Random16DB,hops,subject,centralized,assisted
Q5,9.58E+004,5,1553,11,94201,5,Random16DB,distributed,key,routing,default
Q5,9.99E+004,5,1553,54,98356,5,Random16DB,distributed,key,routing,assisted
Q5,9.58E+004,5,1553,11,94201,5,Random16DB,distributed,key,centralized,default
Q5,9.99E+004,5,1553,54,98356,5,Random16DB,distributed,key,centralized,assisted
Q5,1.37E+005,15,25001,217,111643,5,Random16DB,distributed,subject,routing,default
Q5,1.58E+005,15,18845,159,139065,5,Random16DB,distributed,subject,routing,assisted
Q5,1.37E+005,15,25001,217,111643,5,Random16DB,distributed,subject,centralized,default
Q5,1.58E+005,15,18845,159,139065,5,Random16DB,distributed,subject,centralized,assisted
Q5,1.01E+005,14,2421,11,98737,5,Ring16DB,hops,key,routing,default
Q5,1.03E+005,14,2721,56,100154,5,Ring16DB,hops,key,routing,assisted
Q5,1.01E+005,14,2421,11,98737,5,Ring16DB,hops,key,centralized,default
Q5,1.03E+005,14,2721,56,100154,5,Ring16DB,hops,key,centralized,assisted
Q5,2.15E+005,15,38526,231,176514,5,Ring16DB,hops,subject,routing,default
Q5,2.58E+005,15,33178,231,224503,5,Ring16DB,hops,subject,routing,assisted
Q5,2.15E+005,15,38526,231,176514,5,Ring16DB,hops,subject,centralized,default
Q5,2.58E+005,15,33178,231,224503,5,Ring16DB,hops,subject,centralized,assisted
Q5,1.01E+005,14,2421,11,98737,5,Ring16DB,distributed,key,routing,default
Q5,1.03E+005,14,2721,56,100154,5,Ring16DB,distributed,key,routing,assisted
Q5,1.01E+005,14,2421,11,98737,5,Ring16DB,distributed,key,centralized,default
Q5,1.03E+005,14,2721,56,100154,5,Ring16DB,distributed,key,centralized,assisted
Q5,2.15E+005,15,38526,231,176514,5,Ring16DB,distributed,subject,routing,default
Q5,2.58E+005,15,33178,231,224503,5,Ring16DB,distributed,subject,routing,assisted
Q5,2.15E+005,15,38526,231,176514,5,Ring16DB,distributed,subject,centralized,default
Q5,2.58E+005,15,33178,231,224503,5,Ring16DB,distributed,subject,centralized,assisted
Q5,8.50E+004,12,1584,11,83465,5,Uniform16DB,hops,key,routing,default
Q5,9.13E+004,12,1736,199,89540,5,Uniform16DB,hops,key,routing,assisted
Q5,8.50E+004,12,1584,11,83465,5,Uniform16DB,hops,key,centralized,default
Q5,9.13E+004,12,1736,199,89540,5,Uniform16DB,hops,key,centralized,assisted
Q5,1.43E+005,30,26061,232,117206,5,Uniform16DB,hops,subject,routing,default
Q5,1.78E+005,30,21369,333,156152,5,Uniform16DB,hops,subject,routing,assisted
Q5,1.43E+005,30,26061,232,117206,5,Uniform16DB,hops,subject,centralized,default
Q5,1.78E+005,30,21369,333,156152,5,Uniform16DB,hops,subject,centralized,assisted
Q5,8.50E+004,5,1584,11,83465,5,Uniform16DB,distributed,key,routing,default
Q5,7.74E+004,5,1736,55,75620,5,Uniform16DB,distributed,key,routing,assisted
Q5,8.50E+004,5,1584,11,83465,5,Uniform16DB,distributed,key,centralized,default
Q5,7.74E+004,5,1736,55,75620,5,Uniform16DB,distributed,key,centralized,assisted
Q5,1.42E+005,15,26106,217,115869,5,Uniform16DB,distributed,subject,routing,default
Q5,1.64E+005,15,19734,159,144716,5,Uniform16DB,distributed,subject,routing,assisted
Q5,1.42E+005,15,26106,217,115869,5,Uniform16DB,distributed,subject,centralized,default
Q5,1.64E+005,15,19734,159,144716,5,Uniform16DB,distributed,subject,centralized,assisted
Q6,1.28E+006,6,1069,63,1274680,50,Full16DB,hops,key,routing,default
Q6,1.10E+006,6,1073,60,1095094,50,Full16DB,hops,key,routing,assisted
Q6,1.28E+006,6,1069,63,1274680,50,Full16DB,hops,key,centralized,default
Q6,1.10E+006,6,1073,60,1095094,50,Full16DB,hops,key,centralized,assisted
Q6,1.62E+006,15,18260,323,1599840,50,Full16DB,hops,subject,routing,default
Q6,1.79E+006,15,11120,265,1776130,50,Full16DB,hops,subject,routing,assisted
Q6,1.62E+006,15,18260,323,1599840,50,Full16DB,hops,subject,centralized,default
Q6,1.79E+006,15,11120,265,1776130,50,Full16DB,hops,subject,centralized,assisted
Q6,1.28E+006,6,1069,63,1274680,50,Full16DB,distributed,key,routing,default
Q6,1.10E+006,6,1073,60,1095094,50,Full16DB,distributed,key,routing,assisted
Q6,1.28E+006,6,1069,63,1274680,50,Full16DB,distributed,key,centralized,default
Q6,1.10E+006,6,1073,60,1095094,50,Full16DB,distributed,key,centralized,assisted
Q6,1.62E+006,15,18260,323,1599840,50,Full16DB,distributed,subject,routing,default
Q6,1.79E+006,15,11120,265,1776130,50,Full16DB,distributed,subject,routing,assisted
Q6,1.62E+006,15,18260,323,1599840,50,Full16DB,distributed,subject,centralized,default
Q6,1.79E+006,15,11120,265,1776130,50,Full16DB,distributed,subject,centralized,assisted
Q6,2.38E+006,12,2308,207,2379714,50,Random16DB,hops,key,routing,default
Q6,2.14E+006,12,2668,205,2142266,50,Random16DB,hops,key,routing,assisted
Q6,2.38E+006,12,2308,207,2379714,50,Random16DB,hops,key,centralized,default
Q6,2.14E+006,12,2668,205,2142266,50,Random16DB,hops,key,centralized,assisted
Q6,2.23E+006,22,35888,500,2199077,50,Random16DB,hops,subject,routing,default
Q6,2.94E+006,22,25704,472,2910021,50,Random16DB,hops,subject,routing,assisted
Q6,2.23E+006,22,35888,500,2199077,50,Random16DB,hops,subject,centralized,default
Q6,2.94E+006,22,25704,472,2910021,50,Random16DB,hops,subject,centralized,assisted
Q6,2.36E+006,7,2344,63,2362002,50,Random16DB,distributed,key,routing,default
Q6,2.18E+006,7,2348,60,2182416,50,Random16DB,distributed,key,routing,assisted
Q6,2.36E+006,7,2344,63,2362002,50,Random16DB,distributed,key,centralized,default
Q6,2.18E+006,7,2348,60,2182416,50,Random16DB,distributed,key,centralized,assisted
Q6,2.04E+006,15,36651,326,2006953,50,Random16DB,distributed,subject,routing,default
Q6,2.69E+006,15,24347,274,2667702,50,Random16DB,distributed,subject,routing,assisted
Q6,2.04E+006,15,36651,326,2006953,50,Random16DB,distributed,subject,centralized,default
Q6,2.69E+006,15,24347,274,2667702,50,Random16DB,distributed,subject,centralized,assisted
Q6,2.37E+006,14,3058,63,2365926,50,Ring16DB,hops,key,routing,default
Q6,2.31E+006,14,3298,63,2306560,50,Ring16DB,hops,key,routing,assisted
Q6,2.37E+006,14,3058,63,2365926,50,Ring16DB,hops,key,centralized,default
Q6,2.31E+006,14,3298,63,2306560,50,Ring16DB,hops,key,centralized,assisted
Q6,2.92E+006,15,61562,351,2859974,50,Ring16DB,hops,subject,routing,default
Q6,4.58E+006,15,45486,371,4531794,50,Ring16DB,hops,subject,routing,assisted
Q6,2.92E+006,15,61562,351,2859974,50,Ring16DB,hops,subject,centralized,default
Q6,4.58E+006,15,45486,371,4531794,50,Ring16DB,hops,subject,centralized,assisted
Q6,2.37E+006,14,3058,63,2365926,50,Ring16DB,distributed,key,routing,default
Q6,2.31E+006,14,3298,63,2306560,50,Ring16DB,distributed,key,routing,assisted
Q6,2.37E+006,14,3058,63,2365926,50,Ring16DB,distributed,key,centralized,default
Q6,2.31E+006,14,3298,63,2306560,50,Ring16DB,distributed,key,centralized,assisted
Q6,2.92E+006,15,61562,351,2859974,50,Ring16DB,distributed,subject,routing,default
Q6,4.58E+006,15,45486,371,4531794,50,Ring16DB,distributed,subject,routing,assisted
Q6,2.92E+006,15,61562,351,2859974,50,Ring16DB,distributed,subject,centralized,default
Q6,4.58E+006,15,45486,371,4531794,50,Ring16DB,distributed,subject,centralized,assisted
Q6,2.14E+006,15,2265,207,2140676,50,Uniform16DB,hops,key,routing,default
Q6,2.09E+006,15,2421,206,2083346,50,Uniform16DB,hops,key,routing,assisted
Q6,2.14E+006,15,2265,207,2140676,50,Uniform16DB,hops,key,centralized,default
Q6,2.09E+006,15,2421,206,2083346,50,Uniform16DB,hops,key,centralized,assisted
Q6,2.28E+006,30,38505,505,2243895,50,Uniform16DB,hops,subject,routing,default
Q6,3.04E+006,30,27909,483,3009265,50,Uniform16DB,hops,subject,routing,assisted
Q6,2.28E+006,30,38505,505,2243895,50,Uniform16DB,hops,subject,centralized,default
Q6,3.04E+006,30,27909,483,3009265,50,Uniform16DB,hops,subject,centralized,assisted
Q6,2.13E+006,6,2265,63,2122964,50,Uniform16DB,distributed,key,routing,default
Q6,2.07E+006,6,2421,62,2063426,50,Uniform16DB,distributed,key,routing,assisted
Q6,2.13E+006,6,2265,63,2122964,50,Uniform16DB,distributed,key,centralized,default
Q6,2.07E+006,6,2421,62,2063426,50,Uniform16DB,distributed,key,centralized,assisted
Q6,2.09E+006,15,38590,326,2052017,50,Uniform16DB,distributed,subject,routing,default
Q6,2.79E+006,15,25694,274,2766550,50,Uniform16DB,distributed,subject,routing,assisted
Q6,2.09E+006,15,38590,326,2052017,50,Uniform16DB,distributed,subject,centralized,default
Q6,2.79E+006,15,25694,274,2766550,50,Uniform16DB,distributed,subject,centralized,assisted
Q6,4.72E+006,12,2308,207,4719714,100,Random16DB,hops,key,routing,default
Q6,4.24E+006,12,2668,205,4242266,100,Random16DB,hops,key,routing,assisted
Q6,4.72E+006,12,2308,207,4719714,100,Random16DB,hops,key,centralized,default
Q6,4.24E+006,12,2668,205,4242266,100,Random16DB,hops,key,centralized,assisted
Q6,4.36E+006,22,35888,500,4329077,100,Random16DB,hops,subject,routing,default
Q6,5.77E+006,22,25704,472,5748021,100,Random16DB,hops,subject,routing,assisted
Q6,4.36E+006,22,35888,500,4329077,100,Random16DB,hops,subject,centralized,default
Q6,5.77E+006,22,25704,472,5748021,100,Random16DB,hops,subject,centralized,assisted
Q6,4.70E+006,7,2344,63,4702002,100,Random16DB,distributed,key,routing,default
Q6,4.34E+006,7,2348,60,4342416,100,Random16DB,distributed,key,routing,assisted
Q6,4.70E+006,7,2344,63,4702002,100,Random16DB,distributed,key,centralized,default
Q6,4.34E+006,7,2348,60,4342416,100,Random16DB,distributed,key,centralized,assisted
Q6,4.00E+006,15,36651,326,3962953,100,Random16DB,distributed,subject,routing,default
Q6,5.30E+006,15,24347,274,5278902,100,Random16DB,distributed,subject,routing,assisted
Q6,4.00E+006,15,36651,326,3962953,100,Random16DB,distributed,subject,centralized,default
Q6,5.30E+006,15,24347,274,5278902,100,Random16DB,distributed,subject,centralized,assisted
Q6,1.42E+005,6,1069,63,140680,5,Full16DB,hops,key,routing,default
Q6,1.24E+005,6,1073,60,123094,5,Full16DB,hops,key,routing,assisted
Q6,1.42E+005,6,1069,63,140680,5,Full16DB,hops,key,centralized,default
Q6,1.24E+005,6,1073,60,123094,5,Full16DB,hops,key,centralized,assisted
Q6,2.14E+005,15,18260,323,195840,5,Full16DB,hops,subject,routing,default
Q6,2.21E+005,15,11120,265,210130,5,Full16DB,hops,subject,routing,assisted
Q6,2.14E+005,15,18260,323,195840,5,Full16DB,hops,subject,centralized,default
Q6,2.21E+005,15,11120,265,210130,5,Full16DB,hops,subject,centralized,assisted
Q6,1.42E+005,6,1069,63,140680,5,Full16DB,distributed,key,routing,default
Q6,1.24E+005,6,1073,60,123094,5,Full16DB,distributed,key,routing,assisted
Q6,1.42E+005,6,1069,63,140680,5,Full16DB,distributed,key,centralized,default
Q6,1.24E+005,6,1073,60,123094,5,Full16DB,distributed,key,centralized,assisted
Q6,2.14E+005,15,18260,323,195840,5,Full16DB,distributed,subject,routing,default
Q6,2.21E+005,15,11120,265,210130,5,Full16DB,distributed,subject,routing,assisted
Q6,2.14E+005,15,18260,323,195840,5,Full16DB,distributed,subject,centralized,default
Q6,2.21E+005,15,11120,265,210130,5,Full16DB,distributed,subject,centralized,assisted
Q6,2.76E+005,12,2308,207,273714,5,Random16DB,hops,key,routing,default
Q6,2.55E+005,12,2668,205,252266,5,Random16DB,hops,key,routing,assisted
Q6,2.76E+005,12,2308,207,273714,5,Random16DB,hops,key,centralized,default
Q6,2.55E+005,12,2668,205,252266,5,Random16DB,hops,key,centralized,assisted
Q6,3.18E+005,22,35888,500,282077,5,Random16DB,hops,subject,routing,default
Q6,3.82E+005,22,25704,472,355821,5,Random16DB,hops,subject,routing,assisted
Q6,3.18E+005,22,35888,500,282077,5,Random16DB,hops,subject,centralized,default
Q6,3.82E+005,22,25704,472,355821,5,Random16DB,hops,subject,centralized,assisted
Q6,2.58E+005,7,2344,63,256002,5,Random16DB,distributed,key,routing,default
Q6,2.41E+005,7,2348,60,238416,5,Random16DB,distributed,key,routing,assisted
Q6,2.58E+005,7,2344,63,256002,5,Random16DB,distributed,key,centralized,default
Q6,2.41E+005,7,2348,60,238416,5,Random16DB,distributed,key,centralized,assisted
Q6,2.83E+005,15,36651,326,246553,5,Random16DB,distributed,subject,routing,default
Q6,3.42E+005,15,24347,274,317622,5,Random16DB,distributed,subject,routing,assisted
Q6,2.83E+005,15,36651,326,246553,5,Random16DB,distributed,subject,centralized,default
Q6,3.42E+005,15,24347,274,317622,5,Random16DB,distributed,subject,centralized,assisted
Q6,2.63E+005,14,3058,63,259926,5,Ring16DB,hops,key,routing,default
Q6,2.58E+005,14,3298,63,254560,5,Ring16DB,hops,key,routing,assisted
Q6,2.63E+005,14,3058,63,259926,5,Ring16DB,hops,key,centralized,default
Q6,2.58E+005,14,3298,63,254560,5,Ring16DB,hops,key,centralized,assisted
Q6,4.02E+005,15,61562,351,339974,5,Ring16DB,hops,subject,routing,default
Q6,5.56E+005,15,45486,371,510594,5,Ring16DB,hops,subject,routing,assisted
Q6,4.02E+005,15,61562,351,339974,5,Ring16DB,hops,subject,centralized,default
Q6,5.56E+005,15,45486,371,510594,5,Ring16DB,hops,subject,centralized,assisted
Q6,2.63E+005,14,3058,63,259926,5,Ring16DB,distributed,key,routing,default
Q6,2.58E+005,14,3298,63,254560,5,Ring16DB,distributed,key,routing,assisted
Q6,2.63E+005,14,3058,63,259926,5,Ring16DB,distributed,key,centralized,default
Q6,2.58E+005,14,3298,63,254560,5,Ring16DB,distributed,key,centralized,assisted
Q6,4.02E+005,15,61562,351,339974,5,Ring16DB,distributed,subject,routing,default
Q6,5.56E+005,15,45486,371,510594,5,Ring16DB,distributed,subject,routing,assisted
Q6,4.02E+005,15,61562,351,339974,5,Ring16DB,distributed,subject,centralized,default
Q6,5.56E+005,15,45486,371,510594,5,Ring16DB,distributed,subject,centralized,assisted
Q6,2.53E+005,15,2265,207,250676,5,Uniform16DB,hops,key,routing,default
Q6,2.50E+005,15,2421,206,247346,5,Uniform16DB,hops,key,routing,assisted
Q6,2.53E+005,15,2265,207,250676,5,Uniform16DB,hops,key,centralized,default
Q6,2.50E+005,15,2421,206,247346,5,Uniform16DB,hops,key,centralized,assisted
Q6,3.28E+005,30,38505,505,289095,5,Uniform16DB,hops,subject,routing,default
Q6,4.00E+005,30,27909,483,371905,5,Uniform16DB,hops,subject,routing,assisted
Q6,3.28E+005,30,38505,505,289095,5,Uniform16DB,hops,subject,centralized,default
Q6,4.00E+005,30,27909,483,371905,5,Uniform16DB,hops,subject,centralized,assisted
Q6,2.35E+005,6,2265,63,232964,5,Uniform16DB,distributed,key,routing,default
Q6,2.30E+005,6,2421,62,227426,5,Uniform16DB,distributed,key,routing,assisted
Q6,2.35E+005,6,2265,63,232964,5,Uniform16DB,distributed,key,centralized,default
Q6,2.30E+005,6,2421,62,227426,5,Uniform16DB,distributed,key,centralized,assisted
Q6,2.91E+005,15,38590,326,252017,5,Uniform16DB,distributed,subject,routing,default
Q6,3.55E+005,15,25694,274,329350,5,Uniform16DB,distributed,subject,routing,assisted
Q6,2.91E+005,15,38590,326,252017,5,Uniform16DB,distributed,subject,centralized,default
Q6,3.55E+005,15,25694,274,329350,5,Uniform16DB,distributed,subject,centralized,assisted
Q7,1.28E+006,6,866,67,1280051,50,Full16DB,hops,key,routing,default
Q7,1.35E+006,6,866,139,1350708,50,Full16DB,hops,key,routing,assisted
Q7,1.28E+006,6,866,67,1280051,50,Full16DB,hops,key,centralized,default
Q7,1.35E+006,6,866,139,1350708,50,Full16DB,hops,key,centralized,assisted
Q7,1.80E+006,15,14060,365,1789384,50,Full16DB,hops,subject,routing,default
Q7,2.04E+006,15,9740,297,2031148,50,Full16DB,hops,subject,routing,assisted
Q7,1.80E+006,15,14060,365,1789384,50,Full16DB,hops,subject,centralized,default
Q7,2.04E+006,15,9740,297,2031148,50,Full16DB,hops,subject,centralized,assisted
Q7,1.28E+006,6,866,67,1280051,50,Full16DB,distributed,key,routing,default
Q7,1.35E+006,6,866,139,1350708,50,Full16DB,distributed,key,routing,assisted
Q7,1.28E+006,6,866,67,1280051,50,Full16DB,distributed,key,centralized,default
Q7,1.35E+006,6,866,139,1350708,50,Full16DB,distributed,key,centralized,assisted
Q7,1.80E+006,15,14060,365,1789384,50,Full16DB,distributed,subject,routing,default
Q7,2.04E+006,15,9740,297,2031148,50,Full16DB,distributed,subject,routing,assisted
Q7,1.80E+006,15,14060,365,1789384,50,Full16DB,distributed,subject,centralized,default
Q7,2.04E+006,15,9740,297,2031148,50,Full16DB,distributed,subject,centralized,assisted
Q7,2.39E+006,13,2289,211,2385519,50,Random16DB,hops,key,routing,default
Q7,2.43E+006,13,2293,524,2429226,50,Random16DB,hops,key,routing,assisted
Q7,2.39E+006,13,2289,211,2385519,50,Random16DB,hops,key,centralized,default
Q7,2.43E+006,13,2293,524,2429226,50,Random16DB,hops,key,centralized,assisted
Q7,2.24E+006,22,36662,554,2199754,50,Random16DB,hops,subject,routing,default
Q7,2.98E+006,22,25830,731,2955061,50,Random16DB,hops,subject,routing,assisted
Q7,2.24E+006,22,36662,554,2199754,50,Random16DB,hops,subject,centralized,default
Q7,2.98E+006,22,25830,731,2955061,50,Random16DB,hops,subject,centralized,assisted
Q7,2.37E+006,7,2321,67,2370027,50,Random16DB,distributed,key,routing,default
Q7,2.44E+006,7,2325,139,2440940,50,Random16DB,distributed,key,routing,assisted
Q7,2.37E+006,7,2321,67,2370027,50,Random16DB,distributed,key,centralized,default
Q7,2.44E+006,7,2325,139,2440940,50,Random16DB,distributed,key,centralized,assisted
Q7,2.23E+006,15,37209,368,2195929,50,Random16DB,distributed,subject,routing,default
Q7,2.95E+006,15,24181,307,2930206,50,Random16DB,distributed,subject,routing,assisted
Q7,2.23E+006,15,37209,368,2195929,50,Random16DB,distributed,subject,centralized,default
Q7,2.95E+006,15,24181,307,2930206,50,Random16DB,distributed,subject,centralized,assisted
Q7,2.38E+006,14,3883,67,2379893,50,Ring16DB,hops,key,routing,default
Q7,2.58E+006,14,4207,141,2575116,50,Ring16DB,hops,key,routing,assisted
Q7,2.38E+006,14,3883,67,2379893,50,Ring16DB,hops,key,centralized,default
Q7,2.58E+006,14,4207,141,2575116,50,Ring16DB,hops,key,centralized,assisted
Q7,3.12E+006,15,69670,393,3054894,50,Ring16DB,hops,subject,routing,default
Q7,4.85E+006,15,48822,427,4805802,50,Ring16DB,hops,subject,routing,assisted
Q7,3.12E+006,15,69670,393,3054894,50,Ring16DB,hops,subject,centralized,default
Q7,4.85E+006,15,48822,427,4805802,50,Ring16DB,hops,subject,centralized,assisted
Q7,2.38E+006,14,3883,67,2379893,50,Ring16DB,distributed,key,routing,default
Q7,2.58E+006,14,4207,141,2575116,50,Ring16DB,distributed,key,routing,assisted
Q7,2.38E+006,14,3883,67,2379893,50,Ring16DB,distributed,key,centralized,default
Q7,2.58E+006,14,4207,141,2575116,50,Ring16DB,distributed,key,centralized,assisted
Q7,3.12E+006,15,69670,393,3054894,50,Ring16DB,distributed,subject,routing,default
Q7,4.85E+006,15,48822,427,4805802,50,Ring16DB,distributed,subject,routing,assisted
Q7,3.12E+006,15,69670,393,3054894,50,Ring16DB,distributed,subject,centralized,default
Q7,4.85E+006,15,48822,427,4805802,50,Ring16DB,distributed,subject,centralized,assisted
Q7,2.15E+006,15,2577,211,2151047,50,Uniform16DB,hops,key,routing,default
Q7,2.38E+006,15,2737,525,2375384,50,Uniform16DB,hops,key,routing,assisted
Q7,2.15E+006,15,2577,211,2151047,50,Uniform16DB,hops,key,centralized,default
Q7,2.38E+006,15,2737,525,2375384,50,Uniform16DB,hops,key,centralized,assisted
Q7,2.29E+006,30,39696,559,2247941,50,Uniform16DB,hops,subject,routing,default
Q7,3.08E+006,30,27396,741,3056845,50,Uniform16DB,hops,subject,routing,assisted
Q7,2.29E+006,30,39696,559,2247941,50,Uniform16DB,hops,subject,centralized,default
Q7,3.08E+006,30,27396,741,3056845,50,Uniform16DB,hops,subject,centralized,assisted
Q7,2.14E+006,6,2577,67,2133959,50,Uniform16DB,distributed,key,routing,default
Q7,2.33E+006,6,2737,141,2325176,50,Uniform16DB,distributed,key,routing,assisted
Q7,2.14E+006,6,2577,67,2133959,50,Uniform16DB,distributed,key,centralized,default
Q7,2.33E+006,6,2737,141,2325176,50,Uniform16DB,distributed,key,centralized,assisted
Q7,2.28E+006,15,39646,368,2241353,50,Uniform16DB,distributed,subject,routing,default
Q7,3.06E+006,15,25666,307,3030090,50,Uniform16DB,distributed,subject,routing,assisted
Q7,2.28E+006,15,39646,368,2241353,50,Uniform16DB,distributed,subject,centralized,default
Q7,3.06E+006,15,25666,307,3030090,50,Uniform16DB,distributed,subject,centralized,assisted
Q7,4.73E+006,13,2289,211,4725519,100,Random16DB,hops,key,routing,default
Q7,4.77E+006,13,2293,524,4769226,100,Random16DB,hops,key,routing,assisted
Q7,4.73E+006,13,2289,211,4725519,100,Random16DB,hops,key,centralized,default
Q7,4.77E+006,13,2293,524,4769226,100,Random16DB,hops,key,centralized,assisted
Q7,4.36E+006,22,36662,554,4319234,100,Random16DB,hops,subject,routing,default
Q7,5.82E+006,22,25830,731,5790157,100,Random16DB,hops,subject,routing,assisted
Q7,4.36E+006,22,36662,554,4319234,100,Random16DB,hops,subject,centralized,default
Q7,5.82E+006,22,25830,731,5790157,100,Random16DB,hops,subject,centralized,assisted
Q7,4.71E+006,7,2321,67,4710027,100,Random16DB,distributed,key,routing,default
Q7,4.84E+006,7,2325,139,4840940,100,Random16DB,distributed,key,routing,assisted
Q7,4.71E+006,7,2321,67,4710027,100,Random16DB,distributed,key,centralized,default
Q7,4.84E+006,7,2325,139,4840940,100,Random16DB,distributed,key,centralized,assisted
Q7,4.37E+006,15,37209,368,4329849,100,Random16DB,distributed,subject,routing,default
Q7,5.81E+006,15,24181,307,5780830,100,Random16DB,distributed,subject,routing,assisted
Q7,4.37E+006,15,37209,368,4329849,100,Random16DB,distributed,subject,centralized,default
Q7,5.81E+006,15,24181,307,5780830,100,Random16DB,distributed,subject,centralized,assisted
Q7,1.47E+005,6,866,67,146051,5,Full16DB,hops,key,routing,default
Q7,1.64E+005,6,866,139,162708,5,Full16DB,hops,key,routing,assisted
Q7,1.47E+005,6,866,67,146051,5,Full16DB,hops,key,centralized,default
Q7,1.64E+005,6,866,139,162708,5,Full16DB,hops,key,centralized,assisted
Q7,2.37E+005,15,14060,365,223384,5,Full16DB,hops,subject,routing,default
Q7,2.59E+005,15,9740,297,249148,5,Full16DB,hops,subject,routing,assisted
Q7,2.37E+005,15,14060,365,223384,5,Full16DB,hops,subject,centralized,default
Q7,2.59E+005,15,9740,297,249148,5,Full16DB,hops,subject,centralized,assisted
Q7,1.47E+005,6,866,67,146051,5,Full16DB,distributed,key,routing,default
Q7,1.64E+005,6,866,139,162708,5,Full16DB,distributed,key,routing,assisted
Q7,1.47E+005,6,866,67,146051,5,Full16DB,distributed,key,centralized,default
Q7,1.64E+005,6,866,139,162708,5,Full16DB,distributed,key,centralized,assisted
Q7,2.37E+005,15,14060,365,223384,5,Full16DB,distributed,subject,routing,default
Q7,2.59E+005,15,9740,297,249148,5,Full16DB,distributed,subject,routing,assisted
Q7,2.37E+005,15,14060,365,223384,5,Full16DB,distributed,subject,centralized,default
Q7,2.59E+005,15,9740,297,249148,5,Full16DB,distributed,subject,centralized,assisted
Q7,2.82E+005,13,2289,211,279519,5,Random16DB,hops,key,routing,default
Q7,3.26E+005,13,2293,524,323226,5,Random16DB,hops,key,routing,assisted
Q7,2.82E+005,13,2289,211,279519,5,Random16DB,hops,key,centralized,default
Q7,3.26E+005,13,2293,524,323226,5,Random16DB,hops,key,centralized,assisted
Q7,3.30E+005,22,36662,554,293234,5,Random16DB,hops,subject,routing,default
Q7,4.30E+005,22,25830,731,403677,5,Random16DB,hops,subject,routing,assisted
Q7,3.30E+005,22,36662,554,293234,5,Random16DB,hops,subject,centralized,default
Q7,4.30E+005,22,25830,731,403677,5,Random16DB,hops,subject,centralized,assisted
Q7,2.66E+005,7,2321,67,264027,5,Random16DB,distributed,key,routing,default
Q7,2.83E+005,7,2325,139,280940,5,Random16DB,distributed,key,routing,assisted
Q7,2.66E+005,7,2321,67,264027,5,Random16DB,distributed,key,centralized,default
Q7,2.83E+005,7,2325,139,280940,5,Random16DB,distributed,key,centralized,assisted
Q7,3.13E+005,15,37209,368,275729,5,Random16DB,distributed,subject,routing,default
Q7,3.89E+005,15,24181,307,364710,5,Random16DB,distributed,subject,routing,assisted
Q7,3.13E+005,15,37209,368,275729,5,Random16DB,distributed,subject,centralized,default
Q7,3.89E+005,15,24181,307,364710,5,Random16DB,distributed,subject,centralized,assisted
Q7,2.78E+005,14,3883,67,273893,5,Ring16DB,hops,key,routing,default
Q7,3.11E+005,14,4207,141,307116,5,Ring16DB,hops,key,routing,assisted
Q7,2.78E+005,14,3883,67,273893,5,Ring16DB,hops,key,centralized,default
Q7,3.11E+005,14,4207,141,307116,5,Ring16DB,hops,key,centralized,assisted
Q7,4.43E+005,15,69670,393,372894,5,Ring16DB,hops,subject,routing,default
Q7,6.17E+005,15,48822,427,568602,5,Ring16DB,hops,subject,routing,assisted
Q7,4.43E+005,15,69670,393,372894,5,Ring16DB,hops,subject,centralized,default
Q7,6.17E+005,15,48822,427,568602,5,Ring16DB,hops,subject,centralized,assisted
Q7,2.78E+005,14,3883,67,273893,5,Ring16DB,distributed,key,routing,default
Q7,3.11E+005,14,4207,141,307116,5,Ring16DB,distributed,key,routing,assisted
Q7,2.78E+005,14,3883,67,273893,5,Ring16DB,distributed,key,centralized,default
Q7,3.11E+005,14,4207,141,307116,5,Ring16DB,distributed,key,centralized,assisted
Q7,4.43E+005,15,69670,393,372894,5,Ring16DB,distributed,subject,routing,default
Q7,6.17E+005,15,48822,427,568602,5,Ring16DB,distributed,subject,routing,assisted
Q7,4.43E+005,15,69670,393,372894,5,Ring16DB,distributed,subject,centralized,default
Q7,6.17E+005,15,48822,427,568602,5,Ring16DB,distributed,subject,centralized,assisted
Q7,2.64E+005,15,2577,211,261047,5,Uniform16DB,hops,key,routing,default
Q7,3.26E+005,15,2737,525,323384,5,Uniform16DB,hops,key,routing,assisted
Q7,2.64E+005,15,2577,211,261047,5,Uniform16DB,hops,key,centralized,default
Q7,3.26E+005,15,2737,525,323384,5,Uniform16DB,hops,key,centralized,assisted
Q7,3.41E+005,30,39696,559,300821,5,Uniform16DB,hops,subject,routing,default
Q7,4.49E+005,30,27396,741,421597,5,Uniform16DB,hops,subject,routing,assisted
Q7,3.41E+005,30,39696,559,300821,5,Uniform16DB,hops,subject,centralized,default
Q7,4.49E+005,30,27396,741,421597,5,Uniform16DB,hops,subject,centralized,assisted
Q7,2.47E+005,6,2577,67,243959,5,Uniform16DB,distributed,key,routing,default
Q7,2.76E+005,6,2737,141,273176,5,Uniform16DB,distributed,key,routing,assisted
Q7,2.47E+005,6,2577,67,243959,5,Uniform16DB,distributed,key,centralized,default
Q7,2.76E+005,6,2737,141,273176,5,Uniform16DB,distributed,key,centralized,assisted
Q7,3.21E+005,15,39646,368,281393,5,Uniform16DB,distributed,subject,routing,default
Q7,4.03E+005,15,25666,307,377442,5,Uniform16DB,distributed,subject,routing,assisted
Q7,3.21E+005,15,39646,368,281393,5,Uniform16DB,distributed,subject,centralized,default
Q7,4.03E+005,15,25666,307,377442,5,Uniform16DB,distributed,subject,centralized,assisted
Q8,9.40E+005,0,0,63,940206,50,Full16DB,hops,key,routing,default
Q8,8.51E+005,0,0,60,850778,50,Full16DB,hops,key,routing,assisted
Q8,9.40E+005,0,0,63,940206,50,Full16DB,hops,key,centralized,default
Q8,8.51E+005,0,0,60,850778,50,Full16DB,hops,key,centralized,assisted
Q8,1.15E+006,0,0,322,1146278,50,Full16DB,hops,subject,routing,default
Q8,1.44E+006,0,0,271,1444186,50,Full16DB,hops,subject,routing,assisted
Q8,1.15E+006,0,0,322,1146278,50,Full16DB,hops,subject,centralized,default
Q8,1.44E+006,0,0,271,1444186,50,Full16DB,hops,subject,centralized,assisted
Q8,9.40E+005,0,0,63,940206,50,Full16DB,distributed,key,routing,default
Q8,8.51E+005,0,0,60,850778,50,Full16DB,distributed,key,routing,assisted
Q8,9.40E+005,0,0,63,940206,50,Full16DB,distributed,key,centralized,default
Q8,8.51E+005,0,0,60,850778,50,Full16DB,distributed,key,centralized,assisted
Q8,1.15E+006,0,0,322,1146278,50,Full16DB,distributed,subject,routing,default
Q8,1.44E+006,0,0,271,1444186,50,Full16DB,distributed,subject,routing,assisted
Q8,1.15E+006,0,0,322,1146278,50,Full16DB,distributed,subject,centralized,default
Q8,1.44E+006,0,0,271,1444186,50,Full16DB,distributed,subject,centralized,assisted
Q8,1.98E+006,9,1339,207,1974276,50,Random16DB,hops,key,routing,default
Q8,1.89E+006,9,1339,204,1887672,50,Random16DB,hops,key,routing,assisted
Q8,1.98E+006,9,1339,207,1974276,50,Random16DB,hops,key,centralized,default
Q8,1.89E+006,9,1339,204,1887672,50,Random16DB,hops,key,centralized,assisted
Q8,1.39E+006,16,17846,484,1368578,50,Random16DB,hops,subject,routing,default
Q8,2.20E+006,16,13382,458,2191337,50,Random16DB,hops,subject,routing,assisted
Q8,1.39E+006,16,17846,484,1368578,50,Random16DB,hops,subject,centralized,default
Q8,2.20E+006,16,13382,458,2191337,50,Random16DB,hops,subject,centralized,assisted
Q8,1.96E+006,5,1339,63,1960548,50,Random16DB,distributed,key,routing,default
Q8,1.87E+006,5,1339,60,1871736,50,Random16DB,distributed,key,routing,assisted
Q8,1.96E+006,5,1339,63,1960548,50,Random16DB,distributed,key,centralized,default
Q8,1.87E+006,5,1339,60,1871736,50,Random16DB,distributed,key,centralized,assisted
Q8,1.40E+006,12,17816,325,1380718,50,Random16DB,distributed,subject,routing,default
Q8,2.22E+006,12,12344,280,2207078,50,Random16DB,distributed,subject,routing,assisted
Q8,1.40E+006,12,17816,325,1380718,50,Random16DB,distributed,subject,centralized,default
Q8,2.22E+006,12,12344,280,2207078,50,Random16DB,distributed,subject,centralized,assisted
Q8,1.64E+006,12,1895,63,1638442,50,Ring16DB,hops,key,routing,default
Q8,1.64E+006,12,1907,63,1639098,50,Ring16DB,hops,key,routing,assisted
Q8,1.64E+006,12,1895,63,1638442,50,Ring16DB,hops,key,centralized,default
Q8,1.64E+006,12,1907,63,1639098,50,Ring16DB,hops,key,centralized,assisted
Q8,1.95E+006,13,43888,350,1908526,50,Ring16DB,hops,subject,routing,default
Q8,3.86E+006,13,34072,377,3825406,50,Ring16DB,hops,subject,routing,assisted
Q8,1.95E+006,13,43888,350,1908526,50,Ring16DB,hops,subject,centralized,default
Q8,3.86E+006,13,34072,377,3825406,50,Ring16DB,hops,subject,centralized,assisted
Q8,1.64E+006,12,1895,63,1638442,50,Ring16DB,distributed,key,routing,default
Q8,1.64E+006,12,1907,63,1639098,50,Ring16DB,distributed,key,routing,assisted
Q8,1.64E+006,12,1895,63,1638442,50,Ring16DB,distributed,key,centralized,default
Q8,1.64E+006,12,1907,63,1639098,50,Ring16DB,distributed,key,centralized,assisted
Q8,1.95E+006,13,43888,350,1908526,50,Ring16DB,distributed,subject,routing,default
Q8,3.86E+006,13,34072,377,3825406,50,Ring16DB,distributed,subject,routing,assisted
Q8,1.95E+006,13,43888,350,1908526,50,Ring16DB,distributed,subject,centralized,default
Q8,3.86E+006,13,34072,377,3825406,50,Ring16DB,distributed,subject,centralized,assisted
Q8,1.62E+006,10,1178,207,1619458,50,Uniform16DB,hops,key,routing,default
Q8,1.65E+006,10,1178,206,1652286,50,Uniform16DB,hops,key,routing,assisted
Q8,1.62E+006,10,1178,207,1619458,50,Uniform16DB,hops,key,centralized,default
Q8,1.65E+006,10,1178,206,1652286,50,Uniform16DB,hops,key,centralized,assisted
Q8,1.42E+006,21,19693,484,1404748,50,Uniform16DB,hops,subject,routing,default
Q8,2.30E+006,21,13645,469,2284426,50,Uniform16DB,hops,subject,routing,assisted
Q8,1.42E+006,21,19693,484,1404748,50,Uniform16DB,hops,subject,centralized,default
Q8,2.30E+006,21,13645,469,2284426,50,Uniform16DB,hops,subject,centralized,assisted
Q8,1.61E+006,5,1178,63,1605730,50,Uniform16DB,distributed,key,routing,default
Q8,1.64E+006,5,1178,62,1636350,50,Uniform16DB,distributed,key,routing,assisted
Q8,1.61E+006,5,1178,63,1605730,50,Uniform16DB,distributed,key,centralized,default
Q8,1.64E+006,5,1178,62,1636350,50,Uniform16DB,distributed,key,centralized,assisted
Q8,1.43E+006,12,19693,325,1413134,50,Uniform16DB,distributed,subject,routing,default
Q8,2.31E+006,12,13645,280,2296038,50,Uniform16DB,distributed,subject,routing,assisted
Q8,1.43E+006,12,19693,325,1413134,50,Uniform16DB,distributed,subject,centralized,default
Q8,2.31E+006,12,13645,280,2296038,50,Uniform16DB,distributed,subject,centralized,assisted
Q8,3.92E+006,9,1339,207,3921700,100,Random16DB,hops,key,routing,default
Q8,3.75E+006,9,1339,204,3745464,100,Random16DB,hops,key,routing,assisted
Q8,3.92E+006,9,1339,207,3921700,100,Random16DB,hops,key,centralized,default
Q8,3.75E+006,9,1339,204,3745464,100,Random16DB,hops,key,centralized,assisted
Q8,2.70E+006,16,17846,484,2677450,100,Random16DB,hops,subject,routing,default
Q8,4.33E+006,16,13382,458,4320865,100,Random16DB,hops,subject,routing,assisted
Q8,2.70E+006,16,17846,484,2677450,100,Random16DB,hops,subject,centralized,default
Q8,4.33E+006,16,13382,458,4320865,100,Random16DB,hops,subject,centralized,assisted
Q8,3.91E+006,5,1339,63,3907972,100,Random16DB,distributed,key,routing,default
Q8,3.73E+006,5,1339,60,3729528,100,Random16DB,distributed,key,routing,assisted
Q8,3.91E+006,5,1339,63,3907972,100,Random16DB,distributed,key,centralized,default
Q8,3.73E+006,5,1339,60,3729528,100,Random16DB,distributed,key,centralized,assisted
Q8,2.74E+006,12,17816,325,2719086,100,Random16DB,distributed,subject,routing,default
Q8,4.38E+006,12,12344,280,4363646,100,Random16DB,distributed,subject,routing,assisted
Q8,2.74E+006,12,17816,325,2719086,100,Random16DB,distributed,subject,centralized,default
Q8,4.38E+006,12,12344,280,4363646,100,Random16DB,distributed,subject,centralized,assisted
Q8,1.04E+005,0,0,63,103966,5,Full16DB,hops,key,routing,default
Q8,9.54E+004,0,0,60,95386,5,Full16DB,hops,key,routing,assisted
Q8,1.04E+005,0,0,63,103966,5,Full16DB,hops,key,centralized,default
Q8,9.54E+004,0,0,60,95386,5,Full16DB,hops,key,centralized,assisted
Q8,1.48E+005,0,0,322,148342,5,Full16DB,hops,subject,routing,default
Q8,1.76E+005,0,0,271,175946,5,Full16DB,hops,subject,routing,assisted
Q8,1.48E+005,0,0,322,148342,5,Full16DB,hops,subject,centralized,default
Q8,1.76E+005,0,0,271,175946,5,Full16DB,hops,subject,centralized,assisted
Q8,1.04E+005,0,0,63,103966,5,Full16DB,distributed,key,routing,default
Q8,9.54E+004,0,0,60,95386,5,Full16DB,distributed,key,routing,assisted
Q8,1.04E+005,0,0,63,103966,5,Full16DB,distributed,key,centralized,default
Q8,9.54E+004,0,0,60,95386,5,Full16DB,distributed,key,centralized,assisted
Q8,1.48E+005,0,0,322,148342,5,Full16DB,distributed,subject,routing,default
Q8,1.76E+005,0,0,271,175946,5,Full16DB,distributed,subject,routing,assisted
Q8,1.48E+005,0,0,322,148342,5,Full16DB,distributed,subject,centralized,default
Q8,1.76E+005,0,0,271,175946,5,Full16DB,distributed,subject,centralized,assisted
Q8,2.26E+005,9,1339,207,224372,5,Random16DB,hops,key,routing,default
Q8,2.19E+005,9,1339,204,218040,5,Random16DB,hops,key,routing,assisted
Q8,2.26E+005,9,1339,207,224372,5,Random16DB,hops,key,centralized,default
Q8,2.19E+005,9,1339,204,218040,5,Random16DB,hops,key,centralized,assisted
Q8,2.11E+005,16,17846,484,192842,5,Random16DB,hops,subject,routing,default
Q8,2.90E+005,16,13382,458,276785,5,Random16DB,hops,subject,routing,assisted
Q8,2.11E+005,16,17846,484,192842,5,Random16DB,hops,subject,centralized,default
Q8,2.90E+005,16,13382,458,276785,5,Random16DB,hops,subject,centralized,assisted
Q8,2.12E+005,5,1339,63,210644,5,Random16DB,distributed,key,routing,default
Q8,2.03E+005,5,1339,60,202104,5,Random16DB,distributed,key,routing,assisted
Q8,2.12E+005,5,1339,63,210644,5,Random16DB,distributed,key,centralized,default
Q8,2.03E+005,5,1339,60,202104,5,Random16DB,distributed,key,centralized,assisted
Q8,1.98E+005,12,17816,325,180126,5,Random16DB,distributed,subject,routing,default
Q8,2.81E+005,12,12344,280,268830,5,Random16DB,distributed,subject,routing,assisted
Q8,1.98E+005,12,17816,325,180126,5,Random16DB,distributed,subject,centralized,default
Q8,2.81E+005,12,12344,280,268830,5,Random16DB,distributed,subject,centralized,assisted
Q8,1.84E+005,12,1895,63,181658,5,Ring16DB,hops,key,routing,default
Q8,1.84E+005,12,1907,63,182314,5,Ring16DB,hops,key,routing,assisted
Q8,1.84E+005,12,1895,63,181658,5,Ring16DB,hops,key,centralized,default
Q8,1.84E+005,12,1907,63,182314,5,Ring16DB,hops,key,centralized,assisted
Q8,2.85E+005,13,43888,350,240974,5,Ring16DB,hops,subject,routing,default
Q8,4.71E+005,13,34072,377,436758,5,Ring16DB,hops,subject,routing,assisted
Q8,2.85E+005,13,43888,350,240974,5,Ring16DB,hops,subject,centralized,default
Q8,4.71E+005,13,34072,377,436758,5,Ring16DB,hops,subject,centralized,assisted
Q8,1.84E+005,12,1895,63,181658,5,Ring16DB,distributed,key,routing,default
Q8,1.84E+005,12,1907,63,182314,5,Ring16DB,distributed,key,routing,assisted
Q8,1.84E+005,12,1895,63,181658,5,Ring16DB,distributed,key,centralized,default
Q8,1.84E+005,12,1907,63,182314,5,Ring16DB,distributed,key,centralized,assisted
Q8,2.85E+005,13,43888,350,240974,5,Ring16DB,distributed,subject,routing,default
Q8,4.71E+005,13,34072,377,436758,5,Ring16DB,distributed,subject,routing,assisted
Q8,2.85E+005,13,43888,350,240974,5,Ring16DB,distributed,subject,centralized,default
Q8,4.71E+005,13,34072,377,436758,5,Ring16DB,distributed,subject,centralized,assisted
Q8,1.91E+005,10,1178,207,189522,5,Uniform16DB,hops,key,routing,default
Q8,1.96E+005,10,1178,206,195198,5,Uniform16DB,hops,key,routing,assisted
Q8,1.91E+005,10,1178,207,189522,5,Uniform16DB,hops,key,centralized,default
Q8,1.96E+005,10,1178,206,195198,5,Uniform16DB,hops,key,centralized,assisted
Q8,2.17E+005,21,19693,484,197260,5,Uniform16DB,hops,subject,routing,default
Q8,3.05E+005,21,13645,469,291778,5,Uniform16DB,hops,subject,routing,assisted
Q8,2.17E+005,21,19693,484,197260,5,Uniform16DB,hops,subject,centralized,default
Q8,3.05E+005,21,13645,469,291778,5,Uniform16DB,hops,subject,centralized,assisted
Q8,1.77E+005,5,1178,63,175794,5,Uniform16DB,distributed,key,routing,default
Q8,1.80E+005,5,1178,62,179262,5,Uniform16DB,distributed,key,routing,assisted
Q8,1.77E+005,5,1178,63,175794,5,Uniform16DB,distributed,key,centralized,default
Q8,1.80E+005,5,1178,62,179262,5,Uniform16DB,distributed,key,centralized,assisted
Q8,2.04E+005,12,19693,325,184302,5,Uniform16DB,distributed,subject,routing,default
Q8,2.93E+005,12,13645,280,279398,5,Uniform16DB,distributed,subject,routing,assisted
Q8,2.04E+005,12,19693,325,184302,5,Uniform16DB,distributed,subject,centralized,default
Q8,2.93E+005,12,13645,280,279398,5,Uniform16DB,distributed,subject,centralized,assisted
